,edgerlrt,edger,deseq2
ENSG00000271605,1.51206254177631,1.5104926474518,1.49096121562887
ENSG00000157150,-1.95981452164852,-1.95286097544163,-1.99003772944931
ENSG00000124203,-1.80317052711497,-1.78740440987499,-1.83477628962936
ENSG00000173467,-3.75227190910023,-3.62228070568666,-3.79898179532117
ENSG00000267121,1.89833804563512,1.87934259025508,1.87823677374654
ENSG00000105641,-6.73025722283144,-6.53330675756178,-6.77837212422757
ENSG00000183783,-2.13484311001678,-2.11034272246663,-2.16200622844921
ENSG00000244405,1.7320004292972,1.73200765791676,1.70711476268318
ENSG00000143324,1.46789156681773,1.46790636103861,1.44484287335361
ENSG00000115194,1.97937555844276,2.04749317012845,1.96127551857733
ENSG00000188536,-1.95253428729757,-1.9471999061646,-1.97672700891523
ENSG00000272209,-1.42287436475318,-1.42661911267756,-1.4562214548232
ENSG00000227107,-1.45144989324492,-1.4502216073784,-1.48824923565588
ENSG00000166126,-1.68665811749742,-1.67330529025106,-1.71681453956638
ENSG00000165325,-1.3396894763234,-1.34034630919176,-1.36968023081233
ENSG00000077274,-3.28098968407682,-3.19063931297662,-3.316097595303
ENSG00000099194,1.74004472684588,1.73795809553703,1.71847436372424
ENSG00000260992,1.93879508286842,1.93848334974887,1.91542498309466
ENSG00000137142,-4.14569663775059,-4.07379424421266,-4.17921424617418
ENSG00000272079,1.69239595079943,1.69194781079128,1.6695140513145
ENSG00000085741,-3.01657716508144,-2.99602605695305,-3.04465497010877
ENSG00000281392,-1.63714738607891,-1.60797514552279,-1.67596213227319
ENSG00000141524,2.70718759637917,2.7053262687775,2.68465948700382
ENSG00000183682,-4.63850601001131,-4.57517375410869,-4.6701058302672
ENSG00000054179,2.02282958380878,2.03031341206592,2.00135546445624
ENSG00000145934,-2.24408169089152,-2.17989713032003,-2.27689267374809
ENSG00000198416,-1.5645245783724,-1.56798744128317,-1.59337406664117
ENSG00000259884,-1.94676969819427,-1.93324365931631,-1.97525919368656
ENSG00000263470,-1.40571702552807,-1.40706954701242,-1.43157468345653
ENSG00000012779,2.89946293403055,2.89885489918995,2.87775513396294
ENSG00000125895,1.56196887252369,1.5625050487643,1.54250580504159
ENSG00000152611,-2.77134505581061,-2.67975347812657,-2.80653630101754
ENSG00000114270,2.19064121391002,2.19312309232259,2.16887485330161
ENSG00000185070,-1.67814900714907,-1.67444094475461,-1.70386354348363
ENSG00000260711,-1.5116637131599,-1.51160406007298,-1.53675705573559
ENSG00000255366,1.8787593645975,1.87479822627099,1.85995237980753
ENSG00000111404,-3.45823748876373,-3.35234698355515,-3.50046167042843
ENSG00000112378,1.53911513593372,1.53918164376978,1.51526075688367
ENSG00000141665,-1.52896542807194,-1.53430908614227,-1.55470736236661
ENSG00000184584,1.68892194078103,1.68890680472899,1.66504856741796
ENSG00000261409,-2.92823278100392,-2.84781225167283,-2.96114821076892
ENSG00000196218,2.79853838178282,2.79876876690561,2.77583616863702
ENSG00000151632,-2.75346731067969,-2.73614257505707,-2.78152767196838
ENSG00000170745,1.49108344855428,1.49143989455093,1.46700682609268
ENSG00000091656,-1.65587821220415,-1.63512290822095,-1.68430490914918
ENSG00000198417,-2.69442995984256,-2.69192472316658,-2.71751877290358
ENSG00000130948,-2.05793482758947,-2.04790154151614,-2.08886730736694
ENSG00000135253,2.67132241828331,2.6727845731402,2.64799549759549
ENSG00000187824,-1.34197263151669,-1.34173538189259,-1.36639984403447
ENSG00000260633,-1.79158773582472,-1.78907094427148,-1.82634291418227
ENSG00000183091,-2.44517159823885,-2.43428939253585,-2.4707690921897
ENSG00000139318,2.4330039543538,2.43286323036243,2.40763747948231
ENSG00000156510,-2.28052835230248,-2.26779902358073,-2.30595968021201
ENSG00000175445,2.14607689857289,2.14602672633077,2.12085942123237
ENSG00000231205,-1.6751149409822,-1.67238774950265,-1.69798690559304
ENSG00000165061,-5.62766568213671,-5.19233337872913,-5.67510192248632
ENSG00000251468,-1.37667561173915,-1.38092510394253,-1.4044170654469
ENSG00000173535,2.40434055243762,2.40148107611564,2.3831537673823
ENSG00000123219,1.42857974152161,1.4292907667945,1.40906725268982
ENSG00000225342,3.58147965544574,3.57561442894432,3.55593307139003
ENSG00000165300,-4.15436946075273,-4.09536543747374,-4.18592424231903
ENSG00000086991,2.6043721643287,2.60327806964977,2.58194640024862
ENSG00000075035,-5.66260822806684,-5.51022350538145,-5.69490325935306
ENSG00000079101,-2.0243630790442,-2.02381024142831,-2.04953770888549
ENSG00000125144,-4.21447317859782,-4.19828617431821,-4.23894389351501
ENSG00000174500,-1.55444753089177,-1.55011026966862,-1.58012303224623
ENSG00000169035,5.92502796102539,5.87343835441186,5.89226985359477
ENSG00000104177,1.6163771776831,1.61628594255139,1.5934779098867
ENSG00000177606,-1.57872276229971,-1.57872226490811,-1.60211626368574
ENSG00000099864,1.71490632042462,1.71486657761766,1.68877187850431
ENSG00000167749,-2.93164902789541,-2.8332573247921,-2.96407446843895
ENSG00000159166,2.40149058076206,2.40116099151345,2.37665134800661
ENSG00000124145,2.31570277014623,2.31574098717149,2.29154011086923
ENSG00000068976,-1.93289611361656,-1.91627061838067,-1.95930599527229
ENSG00000144749,-1.54909929590414,-1.54904251383428,-1.57304386908019
ENSG00000115041,-1.48372210731699,-1.4827588175936,-1.50679379371834
ENSG00000101489,2.97358410379234,2.97484881766463,2.95481821851803
ENSG00000123119,-2.13059136611474,-2.12843705441496,-2.15582901842379
ENSG00000250510,1.49587477897032,1.49515102330938,1.47280556443294
ENSG00000272902,-1.64003820081165,-1.64463720679834,-1.66603593124623
ENSG00000198889,-1.81256193096636,-1.72770741248247,-1.85163830666184
ENSG00000137225,1.68654988803772,1.68303470187605,1.67480950515699
ENSG00000178602,-2.52418188921606,-2.50626606247224,-2.54799164371754
ENSG00000009950,1.59670419937808,1.59694580771957,1.57250237563904
ENSG00000111087,-3.12821923530439,-3.01803791651214,-3.17100106043692
ENSG00000153253,-2.88070210232158,-2.72150752971302,-2.92037595800366
ENSG00000160183,-1.80312232549993,-1.78883822468387,-1.82730317212041
ENSG00000113924,-3.34636591304159,-3.32498668007363,-3.37045305067261
ENSG00000162383,-2.79298616731542,-2.70132317486511,-2.8419259055838
ENSG00000257702,1.47574888905462,1.47673003569312,1.45259865476629
ENSG00000260997,2.37958780366928,2.39411483668333,2.36361183815321
ENSG00000109738,2.05009670919089,2.0490865926851,2.02814838086875
ENSG00000104059,-3.2341673103991,-3.16958247790731,-3.26630226180038
ENSG00000147234,-1.7871443139879,-1.77969425374958,-1.81244962450455
ENSG00000175315,2.77899512132152,2.77964064628963,2.75290078112574
ENSG00000256870,-4.61484772909098,-4.51940768502176,-4.64273317218275
ENSG00000077942,-2.86795761157264,-2.86274484067062,-2.89228305711821
ENSG00000214595,-1.40475656307463,-1.40373234417147,-1.43078394120998
ENSG00000204065,-4.22737877798163,-4.05406745863378,-4.2771710158847
ENSG00000197329,1.61015005613537,1.61046928368958,1.58708618101896
ENSG00000134853,-1.84265579502062,-1.8310134632101,-1.87060681449993
ENSG00000125798,-3.41411989392009,-3.35004058430728,-3.44206654801749
ENSG00000147408,-2.14152374030411,-2.14123009750191,-2.16519664522909
ENSG00000142661,1.74958996394457,1.74721494264525,1.73232340526435
ENSG00000255571,-2.00713901913637,-1.98202954335764,-2.03643128644459
ENSG00000236013,-2.13653145760104,-2.12329098216766,-2.1696764396407
ENSG00000230445,-1.7467415947176,-1.73141893706351,-1.77486125476934
ENSG00000130203,2.16397073579729,2.16380465901033,2.13961957796309
ENSG00000139304,-3.4255326970177,-3.33295955221866,-3.46047491705143
ENSG00000197565,-2.150337702465,-2.11842458953048,-2.18134810846915
ENSG00000218416,1.60685286451316,1.61769056425957,1.59067903034557
ENSG00000115226,2.25682308469386,2.25779786106845,2.23205332921266
ENSG00000152284,-1.62066732094771,-1.61821586875314,-1.64474447657585
ENSG00000182580,3.16272460663513,3.16083156784535,3.13796712340876
ENSG00000235770,2.22765581303197,2.23567170048792,2.21275999130754
ENSG00000139211,2.30410877376997,2.30477661729599,2.2802245466549
ENSG00000173930,2.23183847055071,2.24069789971598,2.21123282414622
ENSG00000136111,-2.0927094436038,-2.09181163397222,-2.11779644268059
ENSG00000152580,-4.04263467506431,-3.9718381601667,-4.07848032423641
ENSG00000228216,-2.00861815671734,-1.9997594091973,-2.04528148085489
ENSG00000079156,-1.44480973001277,-1.44588584019392,-1.46995765548825
ENSG00000162267,-1.49612867118457,-1.4871710460837,-1.52705760267891
ENSG00000138735,2.05518496581531,2.05563543944786,2.02955475518748
ENSG00000170006,1.70775418850762,1.70372507977746,1.68639743757098
ENSG00000161888,1.84886614441145,1.84759605379398,1.82979312495826
ENSG00000162873,5.28486824205055,5.26383466392489,5.26321056772001
ENSG00000186417,1.87496872053346,1.91852012235565,1.85167831901373
ENSG00000183248,3.16680300963254,3.16435389232347,3.14121286883614
ENSG00000249430,-2.63746736119094,-2.49945802422238,-2.68635121420939
ENSG00000107281,1.83489171488602,1.83460148162188,1.81083112436337
ENSG00000164764,-2.24975995880689,-2.24842058034027,-2.27543675055169
ENSG00000121211,1.66849940050181,1.65204889761343,1.65547326207916
ENSG00000260920,1.54882352177305,1.54647446357442,1.52736639556526
ENSG00000103253,2.00724733217827,2.00449274542084,1.98682170556704
ENSG00000166352,-1.9135214358197,-1.9128411736143,-1.93822900834468
ENSG00000148339,-1.36502302514994,-1.36474414619218,-1.38835797786289
ENSG00000139055,1.66294165397755,1.66327244676045,1.63837822718462
ENSG00000069535,-1.70590140598382,-1.7007938984677,-1.72978936869307
ENSG00000183578,-1.45087434604485,-1.44898951625876,-1.47592814373814
ENSG00000213937,3.01629160173554,2.99536597477089,2.9945120834454
ENSG00000168497,-1.52357211807589,-1.5227381936879,-1.54695727010299
ENSG00000102575,1.67088415359495,1.66777273515303,1.64700359699736
ENSG00000163060,-1.80316782798298,-1.7224237644509,-1.84445248741804
ENSG00000148408,-1.89637002008218,-1.85890810300219,-1.92860268442228
ENSG00000106688,-1.69321633982059,-1.68959511485003,-1.71703285226613
ENSG00000136110,-2.59714190641802,-2.3943285225347,-2.63170490734137
ENSG00000131094,3.15791478724401,3.18070062977137,3.14849838271943
ENSG00000109255,5.18323209210828,5.06245210913648,5.20128450975269
ENSG00000104332,-2.20224171261381,-2.19153455234086,-2.22725160956841
ENSG00000188822,-2.26902164027455,-2.22850061856885,-2.30824937354037
ENSG00000120738,-1.61063268217831,-1.61063480488371,-1.63514065674238
ENSG00000011465,-3.18100049585002,-3.17585875308313,-3.2091788845428
ENSG00000127241,-3.8258053059969,-3.68115321169828,-3.87566119505004
ENSG00000266968,-1.95267701219447,-1.81581085368234,-1.9915191803797
ENSG00000167895,1.70815503269486,1.70080303979697,1.68621394487806
ENSG00000267128,-1.94702286355664,-1.93071358647945,-1.97348140230042
ENSG00000198300,-1.7029701348052,-1.70257948884829,-1.72686503562004
ENSG00000077092,-1.33404508183514,-1.33415209439214,-1.35781047546278
ENSG00000165072,-1.9724050636243,-1.96967284842383,-1.99638053092289
ENSG00000179242,3.11093761653727,3.11554073743597,3.09157080516725
ENSG00000131747,1.58232033031364,1.57599147118521,1.56243514367777
ENSG00000152207,3.11861796975482,3.11198366529181,3.09657074591758
ENSG00000168878,4.11764854677514,4.12397897594172,4.0942627137921
ENSG00000224568,-2.66881785777035,-2.51435882308361,-2.69586037599234
ENSG00000259342,2.37289444901105,2.40416169209636,2.36123675026346
ENSG00000164761,-2.6257205233842,-2.62112373316982,-2.64912146142694
ENSG00000178568,-1.96094905845567,-1.9565796322817,-1.98376884287574
ENSG00000168484,-2.64530425630782,-2.54214943286089,-2.68249097225089
ENSG00000101311,-2.06254189333749,-2.05232119126304,-2.08915579549997
ENSG00000163638,2.2322055973364,2.23292961225239,2.20834637729746
ENSG00000166415,-2.49977242650227,-2.4984008516051,-2.52330219454766
ENSG00000163082,-1.55629467287274,-1.55328823000756,-1.58159217480636
ENSG00000196923,1.33427395526683,1.33426791946772,1.31007835944878
ENSG00000105246,2.08430032376937,2.07190488137682,2.06688041598432
ENSG00000243232,1.68205361655471,1.67451646496122,1.66004072900237
ENSG00000132329,1.84634293264857,1.84585264730654,1.82201435340591
ENSG00000279192,-1.80671671211692,-1.80104599296731,-1.83172693057906
ENSG00000172667,1.75425717738725,1.75428075109522,1.73082090957205
ENSG00000245330,-1.8337241541884,-1.81555404445659,-1.86867470418909
ENSG00000106809,-4.47961137938244,-4.29391518911181,-4.51744043561132
ENSG00000144891,-2.87342919660278,-2.78634389335933,-2.90575060681059
ENSG00000180440,-4.68281589480362,-4.44581842578403,-4.7386677434036
ENSG00000084444,-1.36539042335043,-1.36491266001861,-1.38990047537939
ENSG00000165304,1.88168357461241,1.84586558140357,1.87129874834076
ENSG00000213225,-3.24324749492331,-3.16072481339295,-3.28134869941241
ENSG00000163075,-1.72091310868575,-1.7226389086772,-1.74632199540535
ENSG00000197467,3.23097385571128,3.23019400158079,3.20773786002822
ENSG00000053328,-2.21220759831696,-2.06856965077215,-2.26098354123929
ENSG00000003137,-1.70214976918922,-1.69577956631872,-1.72693100378714
ENSG00000092758,-3.06200796938432,-3.04786730867376,-3.09117002279981
ENSG00000123901,-1.96156555387222,-1.95080708568743,-1.98768849989777
ENSG00000188596,-1.63628837324786,-1.63392759649697,-1.66328252032003
ENSG00000102924,2.65172327006254,2.68404401616749,2.62911441192443
ENSG00000197046,3.37087943306602,3.34124820199267,3.3582631868715
ENSG00000162545,2.85940486818334,2.86050472558343,2.83380019395423
ENSG00000157884,-2.91969711446716,-2.74622161141224,-2.97069742647236
ENSG00000233705,-3.52376279443507,-3.51982285470674,-3.54549290727694
ENSG00000198963,-2.67030946106097,-2.64524672697922,-2.70344341340247
ENSG00000174482,-4.70911891837037,-4.3647548077649,-4.77402464586307
ENSG00000253771,-2.75607096470148,-2.72342349402371,-2.78372921541032
ENSG00000178732,-1.87247524413479,-1.85841736723043,-1.90717805689395
ENSG00000154099,-2.20933989917953,-2.20583662761794,-2.23508214625757
ENSG00000015475,2.06009839571476,2.05987798386317,2.03645100789396
ENSG00000116194,-2.26254408022487,-2.25838844888067,-2.28602138643519
ENSG00000224945,2.19723949135525,2.19488572310734,2.18181846061326
ENSG00000069188,-2.01109381763801,-2.00282753393379,-2.03863461109824
ENSG00000123358,-1.70649617028191,-1.70632596174533,-1.72949879616274
ENSG00000176788,1.53840362470238,1.5385313748014,1.51632328251036
ENSG00000147041,5.72339793330849,5.7211002729461,5.71109381873621
ENSG00000140285,-2.63214172113133,-2.60061654948078,-2.66441514952641
ENSG00000004399,1.49026458597111,1.49026337791547,1.46700882010834
ENSG00000133101,2.0795200339545,2.1004498950087,2.06178333908188
ENSG00000197956,1.84159739031406,1.84163813441535,1.81594414004925
ENSG00000140557,1.62205180570317,1.61606926262557,1.60577314038706
ENSG00000164283,2.36161977726179,2.35685873066867,2.33995645987187
ENSG00000124140,2.37812926497123,2.37030441902323,2.36863576384782
ENSG00000087495,2.77269824544735,2.8046984370947,2.76268466316319
ENSG00000120254,1.44067860898551,1.44065281425823,1.4173318150747
ENSG00000171877,2.72349076246488,2.73565700367127,2.70081438650997
ENSG00000196420,1.71354058581192,1.71397051833328,1.68888664090412
ENSG00000259803,7.47570532393803,7.21839185559923,7.445115176646
ENSG00000229334,1.62837361281821,1.62493118163106,1.61034233460932
ENSG00000105329,1.76466586032891,1.76404484202645,1.74130620668416
ENSG00000131015,2.40426518280003,2.40447033189317,2.38537869782623
ENSG00000007062,-3.57568753529821,-3.46202515034007,-3.6083858588497
ENSG00000123975,1.6486097484119,1.64753889042108,1.62713900845184
ENSG00000048540,1.43363205525686,1.43362436251238,1.40955816690719
ENSG00000184908,-2.70717847059734,-2.70194582325497,-2.73105521936514
ENSG00000174950,3.5167409657802,3.47992106145843,3.50399107074606
ENSG00000006327,2.42353798441538,2.42091140559927,2.39811755941215
ENSG00000116299,-3.37732585102502,-3.3505974339886,-3.40187281589279
ENSG00000180113,-1.91865372019279,-1.91717698016659,-1.94408083187424
ENSG00000204282,3.12016325379892,3.11109843816747,3.09848366673626
ENSG00000186354,-1.44438537107132,-1.45262929703235,-1.47561241650745
ENSG00000172159,2.12188517306053,2.1219159714123,2.09672253813172
ENSG00000205038,-5.00577089339369,-4.95491693381305,-5.03163408140601
ENSG00000185352,-2.57758145722489,-2.54885433206286,-2.60378820672555
ENSG00000139973,-1.60474927994416,-1.5907959098412,-1.64152151670521
ENSG00000101412,2.31117527939574,2.31096201749905,2.28964782044897
ENSG00000273319,-1.51500147883831,-1.4935032470259,-1.55009992899418
ENSG00000105755,1.40731124926825,1.40754565990955,1.38325174361067
ENSG00000095970,2.0841920034871,2.06532107607892,2.06080166321931
ENSG00000188626,-2.44315289406162,-2.39756172798197,-2.47285448567093
ENSG00000112232,-2.99930976854346,-2.97655955725987,-3.02679797517743
ENSG00000280435,-1.72652997319505,-1.72201330004047,-1.75133763818733
ENSG00000072133,-1.70153045198785,-1.70125186336363,-1.72542277853579
ENSG00000266964,-1.99889184768792,-1.94461296240606,-2.03764772668279
ENSG00000198848,-1.69550281765323,-1.67617097730394,-1.71846094730965
ENSG00000244198,-1.75132911351115,-1.75047649719361,-1.77836183091018
ENSG00000146151,-1.7217086798942,-1.62804133527026,-1.76721899960191
ENSG00000175643,1.87208278179323,1.87156744849741,1.85071164538003
ENSG00000128536,-1.93559733209505,-1.93509007972164,-1.96076694966995
ENSG00000254343,-1.69041356741047,-1.68943715289409,-1.71459801599327
ENSG00000184905,-3.31365516103966,-3.27138063904798,-3.34166975632213
ENSG00000162576,2.09960522523007,2.09974943644765,2.07378837167598
ENSG00000149654,2.3850572670979,2.39970282570599,2.36602311354978
ENSG00000167779,1.96124010613424,1.96174310271894,1.9336579493494
ENSG00000165495,-3.00237613175336,-2.93877515383991,-3.02789574550925
ENSG00000260807,2.19370057232701,2.19124661704716,2.17208608537457
ENSG00000281404,1.41510252400896,1.41550735415004,1.39418822508546
ENSG00000171236,3.45996957723735,3.44145649860472,3.43855524175169
ENSG00000168702,-5.92128402920626,-5.66581744198945,-5.95830094648933
ENSG00000250208,-1.54849896064357,-1.5401485810025,-1.57579989289511
ENSG00000168487,1.51237272264988,1.51237323703895,1.48806241240337
ENSG00000104783,3.77009267677652,3.76805112496379,3.74969889109735
ENSG00000171004,2.02091142920448,2.04345086116167,2.00099217646172
ENSG00000118137,-2.25044967903897,-2.18125484890831,-2.28116547471261
ENSG00000136286,2.05590660837817,2.05685275667904,2.03415209427167
ENSG00000171345,2.39867896635601,2.39920239518367,2.37321143625401
ENSG00000228623,1.70378338024777,1.70588015979667,1.68397878896441
ENSG00000272970,1.78134860223972,1.78139599442043,1.76223347818087
ENSG00000101955,-1.88617598905899,-1.88040567947885,-1.91217491203523
ENSG00000003436,-1.57576485584589,-1.57476597727915,-1.60032313914017
ENSG00000161682,1.48903966777289,1.48898415738812,1.46485137027711
ENSG00000224189,2.27190505350373,2.27986235136274,2.25216950962025
ENSG00000146197,-1.80797400068205,-1.80704696644752,-1.83187643301032
ENSG00000162981,2.83707816391835,2.83701372216809,2.81164518386594
ENSG00000149403,-2.44567613629752,-2.42470972963836,-2.47279195612443
ENSG00000162105,-1.97990680885967,-1.97765547281625,-2.00408059582157
ENSG00000117308,3.09107328437729,3.09066070703282,3.06610174130324
ENSG00000230102,-2.10226989608976,-2.09158483360206,-2.13116664900206
ENSG00000167311,-2.72699271115659,-2.70232962553335,-2.762147859152
ENSG00000185046,-2.16742462476842,-2.16655563094794,-2.192421373556
ENSG00000105281,1.85408532872852,1.85314485917998,1.83081985440844
ENSG00000203288,1.46798283741319,1.4657083188718,1.4487685726296
ENSG00000163191,1.75038522937141,1.75038680821107,1.72565638592408
ENSG00000091129,2.33648764588906,2.33586639961113,2.31267766685139
ENSG00000158825,1.96906435483013,1.96863868933061,1.94746663499316
ENSG00000272632,-1.44645464895529,-1.44918674824398,-1.47856318210451
ENSG00000183287,-2.28731246887071,-2.24360936795606,-2.33178675120202
ENSG00000261377,-2.42333705877753,-2.37436852888984,-2.45424851875575
ENSG00000170500,1.69764876090784,1.69793596167255,1.67539378135622
ENSG00000197635,4.64617804470658,4.64161173588208,4.62285969422676
ENSG00000205403,2.15713751213054,2.15726226215695,2.13273606058448
ENSG00000174611,-2.25125982499282,-2.24168827707688,-2.27810833107337
ENSG00000105711,2.35680767371916,2.35595286583407,2.33174817207378
ENSG00000151136,-1.81737666509948,-1.81403006026137,-1.84246870637022
ENSG00000123836,-1.46752921276895,-1.46724206744409,-1.49176247264361
ENSG00000185112,2.16955823943592,2.16928181955118,2.1462661404791
ENSG00000154928,-2.63144047960047,-2.62707351910945,-2.65694265170481
ENSG00000156049,-1.85279898283822,-1.84795840368269,-1.87567989032855
ENSG00000175294,3.41595999323924,3.4386721877004,3.40967481108997
ENSG00000188906,3.61235605626618,3.61136833476189,3.586125213876
ENSG00000102003,-1.31831816964204,-1.32323369347045,-1.34379757798433
ENSG00000132535,1.57945594569285,1.57946154879062,1.55564235610516
ENSG00000171766,-1.50405388345347,-1.5023050902107,-1.52745234033932
ENSG00000155966,1.71786681165908,1.71984040158592,1.69737844356732
ENSG00000172031,1.55964155576318,1.55967026906503,1.53590283208564
ENSG00000146070,-1.48333864178378,-1.48052490312382,-1.5079725299028
ENSG00000159216,2.6455389687783,2.64335097623982,2.62213589685339
ENSG00000186007,2.10858176210736,2.11004602486624,2.08593106989668
ENSG00000167741,2.78354500404851,2.77841899288144,2.76199419241997
ENSG00000174469,-1.74257934161943,-1.70000816613695,-1.77648014306861
ENSG00000162620,-1.39182959383197,-1.40128593968125,-1.41705227603419
ENSG00000165376,2.36250958154861,2.35654920404466,2.34000894208381
ENSG00000257557,-1.43655056064888,-1.43915142583598,-1.4608870205936
ENSG00000236514,-1.3656042494132,-1.3770103065805,-1.3968473772876
ENSG00000267268,-2.84377877297907,-2.79799896534717,-2.87280157112626
ENSG00000089327,2.11184031081282,2.11112321675594,2.0883910397506
ENSG00000116183,-1.65977161551105,-1.64492462929451,-1.68996199108854
ENSG00000186952,-1.31322615562127,-1.31669469802994,-1.3370911132924
ENSG00000162366,3.90893305898698,3.89991785436104,3.88709363686983
ENSG00000164379,2.11389237266333,2.11312415341911,2.0890430952854
ENSG00000136205,-1.50562809177282,-1.50556343338056,-1.52989832283021
ENSG00000166886,1.92425692714344,1.92389574352383,1.9006318062448
ENSG00000203697,1.64433915299199,1.66043296015998,1.62909857463858
ENSG00000157502,-2.74114090038694,-2.69996659528442,-2.76729461090103
ENSG00000109610,-2.16027679657392,-2.15850479559966,-2.18332896772207
ENSG00000234129,-1.48477183591646,-1.50622019573905,-1.52425029236412
ENSG00000128268,3.01925390248858,3.02012904838721,2.99397198474304
ENSG00000149972,-3.766287920359,-3.71376531250234,-3.79912733217277
ENSG00000167759,3.07887424524715,3.06988076560218,3.07197000698436
ENSG00000161896,-2.64572215202913,-2.63144655427255,-2.67190382688723
ENSG00000164520,2.31985664296004,2.32583419758275,2.30713421729048
ENSG00000229116,2.56563129305903,2.59394258028756,2.55307335145592
ENSG00000279778,-1.51126964396915,-1.51929844257134,-1.54860050666727
ENSG00000171388,2.56996345333876,2.57181727093521,2.54946396640155
ENSG00000268620,-2.07485498497963,-2.07009818510426,-2.10362792670304
ENSG00000076864,-1.98397292489593,-1.98378033319077,-2.00672213399043
ENSG00000184254,2.54485127923523,2.54157330278543,2.51968741393098
ENSG00000154263,-1.62462945112122,-1.62342636071985,-1.6507583835034
ENSG00000279908,-1.66406267614648,-1.66668072003105,-1.69011371337058
ENSG00000131981,2.48621743158995,2.48628091837644,2.45927739850389
ENSG00000165886,1.28291462945159,1.28299921356807,1.25906453041576
ENSG00000140675,1.74999919178719,1.74938554767094,1.73150143120904
ENSG00000173376,-2.30034947598894,-2.25382982250503,-2.33629895172216
ENSG00000128591,-2.17295839405097,-2.15558309372753,-2.19831005659013
ENSG00000205362,-1.70350978744917,-1.67179298704564,-1.73451772653187
ENSG00000272733,1.5224966006125,1.52150986623273,1.50386580374947
ENSG00000248810,-2.58363139945116,-2.5694112493654,-2.61291363395287
ENSG00000033122,-2.05008995187097,-2.04665884668752,-2.07393593222394
ENSG00000258539,-1.62097250455428,-1.62159560876205,-1.64889684186185
ENSG00000124440,-1.70051454540265,-1.69721632098654,-1.72549499668778
ENSG00000182489,3.83327394764732,3.833326088589,3.81310807388972
ENSG00000258472,-1.5594709258881,-1.55949889108333,-1.58394984275926
ENSG00000134198,-1.48141913070089,-1.47887809769543,-1.50733471461277
ENSG00000113594,-2.58033752184525,-2.57854401871108,-2.6057707584072
ENSG00000168490,1.99785474396067,1.99919363122877,1.97232792234621
ENSG00000251095,2.67710445381382,2.85348970943641,2.6621401121426
ENSG00000188483,2.34764606326128,2.34819943524285,2.32259248783217
ENSG00000145087,-4.25051894024177,-4.13284688949204,-4.28109889777126
ENSG00000170323,-3.24699989762197,-3.17991854758687,-3.27407738606776
ENSG00000138722,-3.77806414755936,-3.75468122024275,-3.80287947432714
ENSG00000250899,-1.78444228536094,-1.78515516379541,-1.8099088606581
ENSG00000123560,-2.37150872490543,-2.17190672299381,-2.41801364198525
ENSG00000197301,2.89229628532627,2.87710183251144,2.87416570104262
ENSG00000141469,-1.45332445565866,-1.45030486153399,-1.47670081829595
ENSG00000129654,-3.88457929741924,-3.79996785014468,-3.91805932128548
ENSG00000120820,-2.45705088024576,-2.45073848346176,-2.48116983963894
ENSG00000178445,-3.36847015954902,-3.32684850875781,-3.40072384766947
ENSG00000134013,1.73368545996917,1.73380605897868,1.71088373430397
ENSG00000233110,-2.42116877235337,-2.398885899971,-2.45321395922296
ENSG00000153993,-5.4249262857606,-5.30616218996731,-5.45678142013349
ENSG00000143333,-1.7448592285391,-1.74462390984842,-1.76815015686152
ENSG00000157404,-3.42756700485777,-3.41754026235584,-3.45279405005044
ENSG00000171446,1.72274743757381,1.73711270519874,1.70178237065167
ENSG00000170624,-2.01506792451867,-2.00660094148525,-2.04196095063854
ENSG00000187045,6.57585956872229,6.64894082564163,6.5638187445168
ENSG00000232629,1.86971698092802,1.8534895707742,1.84703757836544
ENSG00000207652,-1.84162328187206,-1.83769845887656,-1.86767316064423
ENSG00000116670,1.37505008908347,1.37504382298209,1.35193802532447
ENSG00000197766,-2.24909752497103,-2.2478309010451,-2.2724895617581
ENSG00000183346,-2.08875603666882,-2.02113446640306,-2.1283572106472
ENSG00000279905,2.68189179000521,2.73273041489119,2.66659230576927
ENSG00000186197,-1.59558032354469,-1.59249662594772,-1.62042296253691
ENSG00000226786,-1.52507214959157,-1.52475339339391,-1.54909798771611
ENSG00000146267,3.06176006285123,3.0613362842638,3.04003292201872
ENSG00000122176,-1.84823457163323,-1.84792613864362,-1.8719218601472
ENSG00000145358,-1.71708865154943,-1.71134775264634,-1.74696117936946
ENSG00000154175,-2.18585707733814,-2.18304163344181,-2.21283666230946
ENSG00000130751,1.7564261364513,1.75571632348885,1.74086874758211
ENSG00000258844,1.90151042081802,1.90169530564834,1.87752548583492
ENSG00000170345,-1.69788296961391,-1.69786173886648,-1.72248608542504
ENSG00000249715,-1.55688746070205,-1.56598248397112,-1.58878856238147
ENSG00000171714,-1.78007317665517,-1.77877304298637,-1.80468793150221
ENSG00000154556,-2.31323321302663,-2.31300038775181,-2.33641307027642
ENSG00000227038,-1.57932040279526,-1.53095013095015,-1.61707381683469
ENSG00000134202,-1.47620438107512,-1.47529043587093,-1.50031179913452
ENSG00000147255,4.12188696023682,4.12014969007742,4.09700131866922
ENSG00000136492,1.95158595503092,1.92507072148481,1.94048185465465
ENSG00000109956,2.00421257017217,2.00367332201793,1.98084812848315
ENSG00000122861,2.55374903658147,2.55455408632096,2.53011012397066
ENSG00000104723,3.06259931912963,3.0617107157955,3.03955069276504
ENSG00000196381,-1.41150789386863,-1.41282118041497,-1.43783780072527
ENSG00000140873,2.19473702829172,2.22067732187587,2.18261992666155
ENSG00000131435,3.35153401989548,3.35013164124971,3.32480449551997
ENSG00000176244,1.74530132365811,1.74467997171793,1.72378113442126
ENSG00000069974,1.71298669572867,1.71305104158139,1.6886781032055
ENSG00000113578,1.48998413965187,1.48987798235831,1.46737718983204
ENSG00000013364,1.51044237062419,1.51046339752734,1.48580779903402
ENSG00000246223,-1.57888582550671,-1.57740004098912,-1.60455055281387
ENSG00000144648,-2.12810180943228,-2.12870613557816,-2.154059374354
ENSG00000168078,1.64201270550972,1.58729523098231,1.63411645126646
ENSG00000229457,-2.05613968612899,-1.96455308250683,-2.08601007799473
ENSG00000170743,-2.71418299627021,-2.69725564863335,-2.74526405488962
ENSG00000185518,-2.5753683457888,-2.47234519131428,-2.61887537408741
ENSG00000185739,1.603853698245,1.60381075559474,1.58020997152354
ENSG00000135046,1.66450420214895,1.66451621511946,1.63962510958196
ENSG00000225345,-2.40588772453034,-2.38302044510122,-2.44020821858496
ENSG00000171804,-2.27113561410233,-2.06025968690143,-2.31906326660073
ENSG00000235142,-2.03907554990883,-1.99181844357877,-2.07872454675949
ENSG00000114805,-3.12780134025425,-3.10862570636309,-3.15452971841543
ENSG00000164530,-4.41433779307441,-4.34466979062779,-4.4438478839995
ENSG00000228789,1.70010423391211,1.72499845972984,1.68098963906523
ENSG00000280032,1.63835574468678,1.63895829099155,1.61860052126692
ENSG00000187634,1.68333191558409,1.68156839630543,1.66099361259053
ENSG00000154274,-1.47126911217685,-1.47036487795928,-1.49958314538549
ENSG00000115363,2.65482352724359,2.65379831784284,2.63156254156721
ENSG00000161509,-3.49540143155994,-3.46111350105473,-3.51963566415223
ENSG00000136155,3.95006505469366,3.94297787938674,3.92568837159002
ENSG00000155265,2.02351654490498,2.02122364573489,2.00158523766061
ENSG00000163864,-1.28059881678356,-1.28162273120684,-1.30424736305163
ENSG00000181218,2.63373791934631,2.63484884461846,2.61501764001233
ENSG00000234281,-1.39662528529918,-1.42529628181138,-1.43356462370615
ENSG00000270361,-1.65255638874939,-1.64511363883171,-1.6900596350133
ENSG00000197614,-2.61618806487909,-2.54666450359973,-2.64691933400271
ENSG00000067191,1.39254777417383,1.39254779353671,1.36839741618247
ENSG00000001617,1.40843544492764,1.40843248090705,1.38501018429688
ENSG00000166589,-5.62689776802674,-5.55616854025162,-5.65635828148317
ENSG00000125851,3.25196624435622,3.24943185868307,3.2271264354273
ENSG00000104044,-4.19802164814857,-4.10875010712682,-4.22850943666601
ENSG00000219438,2.33343842215902,2.33003184482265,2.31632061645646
ENSG00000105219,1.53502984985386,1.53436933331533,1.51331741776045
ENSG00000139880,1.32675951497797,1.32643268489635,1.30362867871291
ENSG00000253250,-2.70586087519264,-2.70176634767753,-2.73543024924223
ENSG00000186854,2.03257207510312,2.02452777241027,2.01319262176319
ENSG00000175040,2.13628539212193,2.13652672739513,2.11291790108309
ENSG00000137033,-1.61140583632527,-1.60910926982343,-1.63552786790939
ENSG00000189377,3.44398537279153,3.44515190170867,3.42316969392679
ENSG00000172061,-2.9275349050486,-2.78865907893254,-2.95731348482961
ENSG00000272899,1.8764726541073,1.87745804338583,1.85639330014945
ENSG00000234380,1.88278255371386,1.89341194010801,1.86637760734571
ENSG00000227199,-1.29373013508935,-1.29480665405782,-1.31760652347603
ENSG00000113389,-1.9509017550109,-1.94345315882516,-1.97458349743308
ENSG00000196352,2.01754611192756,2.01802221493298,1.99368452928488
ENSG00000222047,2.57277587219422,2.58122595379842,2.56049301166533
ENSG00000145864,7.02540669233292,7.02316153472178,7.00743339211978
ENSG00000184349,-1.62805007140478,-1.61293447210531,-1.65340052096673
ENSG00000196460,1.60503194418763,1.60396860728173,1.59034825548594
ENSG00000142606,-2.44064262252234,-2.3598714729694,-2.48677016791934
ENSG00000171791,-1.75018984947914,-1.74968557795725,-1.77426916975055
ENSG00000166292,1.87006549476595,1.8752159516882,1.84557237172866
ENSG00000088340,1.72262964600867,1.722591703244,1.70314096560108
ENSG00000113946,5.12449370865427,5.1087073965026,5.10206302990501
ENSG00000238271,2.41561922271501,2.39973948170379,2.40161531275315
ENSG00000169679,1.74819616805607,1.7305855464585,1.73191814953596
ENSG00000184305,-1.57250295297371,-1.57243140529891,-1.59878142774249
ENSG00000185499,2.15966684453374,2.16076793702204,2.13155483089535
ENSG00000161649,-2.58781682365418,-2.39884881883918,-2.63570571231476
ENSG00000012223,-2.99875456304793,-2.98295096667147,-3.02651283400133
ENSG00000171885,-2.35531089065436,-2.33425674841992,-2.37764033648708
ENSG00000050767,-2.71713067168816,-2.71382821602632,-2.73885640720588
ENSG00000179058,1.63409063692285,1.64143329548478,1.62059897659739
ENSG00000181350,1.43576326707739,1.43577501325248,1.41276397039055
ENSG00000151948,3.032670471866,3.02749898370106,3.01127152701434
ENSG00000092445,1.68828762910196,1.68794939181456,1.66519723035613
ENSG00000172260,-2.41418279321223,-2.40600405119231,-2.43972556063261
ENSG00000108924,-2.21190049395803,-2.20459236588407,-2.23695051920218
ENSG00000262185,-1.47879330369151,-1.48006564461537,-1.50546961463211
ENSG00000106799,1.40412853137968,1.40444147988151,1.38093451947568
ENSG00000196569,-2.23079586855202,-2.21628965289461,-2.25786575429666
ENSG00000184058,-1.81766608952465,-1.8023030569969,-1.84505623425611
ENSG00000214491,2.31683430339329,2.32763451240946,2.30357993155977
ENSG00000130487,2.49967696695084,2.44215149860729,2.48573764946646
ENSG00000183145,2.08970396885289,2.08882767762776,2.08043230340676
ENSG00000123689,1.84981127698466,1.85228293541363,1.827561950366
ENSG00000259005,2.29259419808583,2.29112589597821,2.27955924824341
ENSG00000115380,-2.18196996344209,-2.18056334061201,-2.2057630097732
ENSG00000157111,-2.73475333944526,-2.72769941192305,-2.75915258436131
ENSG00000173805,-2.84993890823163,-2.83595287087676,-2.87814950670352
ENSG00000170558,2.50804378851685,2.51210547338967,2.48432616010741
ENSG00000162595,1.96374847115174,1.963798418991,1.94063394093695
ENSG00000148346,4.17733291854697,4.14735789992066,4.15662637781363
ENSG00000188910,4.89818258668256,4.85126237903609,4.88205056126494
ENSG00000133110,1.7727287534351,1.77401932090614,1.75089973783806
ENSG00000101210,2.41624056652469,2.42394723000087,2.40426910781545
ENSG00000239887,1.840913133002,1.84090912810779,1.8175330826965
ENSG00000179542,1.88923190277373,1.88843764851353,1.86544446929534
ENSG00000265666,1.64152811432058,1.64166531132287,1.61718804714878
ENSG00000183160,-2.09051566541227,-2.07582470621259,-2.11782709461827
ENSG00000135423,1.60474321481427,1.60617625456582,1.58421470494658
ENSG00000235070,-4.19379304643726,-3.99200420270549,-4.23435354036692
ENSG00000166016,2.2864923498244,2.28694217103916,2.26342025989732
ENSG00000181649,1.78322660852959,1.78225751255072,1.75778208854315
ENSG00000112541,-1.60375358101374,-1.59983857830202,-1.62666769146542
ENSG00000063127,-1.99694859892643,-1.99896654582144,-2.02681445828558
ENSG00000138166,2.38079571780122,2.38067909477268,2.35642862256542
ENSG00000172201,-1.48062444105278,-1.48060820902652,-1.50344191355129
ENSG00000165092,-1.57911300662375,-1.57886532828394,-1.6005894248344
ENSG00000271614,-1.32941059588328,-1.33159937257891,-1.3547019886277
ENSG00000125931,4.44484139959347,4.439848861832,4.41667409308238
ENSG00000135723,1.61669025329632,1.61670360371665,1.59285571563609
ENSG00000167644,2.6963707508687,2.69443505761862,2.66994020519914
ENSG00000117069,4.5149003709856,4.55744081582956,4.50661892845282
ENSG00000132561,-2.73351979051562,-2.73303374738345,-2.75806841078436
ENSG00000107562,-1.61499163481446,-1.61300794422829,-1.63989937800501
ENSG00000164107,-1.99594935366227,-1.91317688142556,-2.03323308112429
ENSG00000182035,-3.15937112229854,-2.92031845813063,-3.21668924616955
ENSG00000074706,-3.95228619592846,-3.94208867021493,-3.97914153401856
ENSG00000067715,1.95960102118957,1.99306689504786,1.93553206608791
ENSG00000141738,2.24267642806877,2.24245342440036,2.21776031004168
ENSG00000044524,-2.67261565239278,-2.66578951453467,-2.69815905038024
ENSG00000262691,2.16653147001781,2.16559325420426,2.14813184121952
ENSG00000102265,2.81784970207812,2.81782997469842,2.79204010339428
ENSG00000224020,2.15613720956752,2.15547775801752,2.13330914159008
ENSG00000128040,2.06843821597991,2.05710042357582,2.05475452825922
ENSG00000270000,2.45649381099417,2.4501052426883,2.44135989509475
ENSG00000104888,-2.46209188106231,-2.43377849841764,-2.49539297843884
ENSG00000087088,1.33128095476264,1.33129149108652,1.30859314908309
ENSG00000163710,-2.93249329415619,-2.88560486076464,-2.96282247409488
ENSG00000151892,-3.66718569875282,-3.58327571128802,-3.69885609725148
ENSG00000137868,5.06203853284907,5.00511077379948,5.04656708876114
ENSG00000182885,-1.98957946020318,-1.95539467707671,-2.02148219826088
ENSG00000091137,-3.40740861127281,-3.40521181474923,-3.42994037921778
ENSG00000141639,-4.33066762460911,-4.27697003209092,-4.35873808015954
ENSG00000127951,-1.74595268447127,-1.74436548771928,-1.77088583812097
ENSG00000163106,1.53764938887657,1.53683643287103,1.51618251752228
ENSG00000215218,2.21857128331709,2.21830666164761,2.19434840975779
ENSG00000110492,2.6100652260873,2.61001013038579,2.58505301652541
ENSG00000260577,2.67847766300037,2.65635798583051,2.67063459926562
ENSG00000118257,1.78474474014216,1.78495083781575,1.75963167146394
ENSG00000171509,-2.37723011011091,-2.33812280889931,-2.4090239745226
ENSG00000270246,-1.72981590005292,-1.69302988479513,-1.7681144882185
ENSG00000174348,-2.8467909068026,-2.82735711433862,-2.87388152668296
ENSG00000114948,-1.69441521154068,-1.64018508332999,-1.7291298694227
ENSG00000019169,2.3662315676158,2.38893747273881,2.34045910349388
ENSG00000164935,7.07655009751633,6.94175929121347,7.00774846791654
ENSG00000249249,-1.29160527530517,-1.30438717624906,-1.31731201060255
ENSG00000181374,2.58606480949649,2.58413933709475,2.57153928243114
ENSG00000166246,-1.3610800698506,-1.36588369603915,-1.38554103355202
ENSG00000151849,-1.5549451555357,-1.55465190324706,-1.57833515025379
ENSG00000134668,2.37338560045926,2.39143071372052,2.35815469980807
ENSG00000223414,-3.77104388548838,-3.62668826517094,-3.83034149877912
ENSG00000163590,-1.39542400270774,-1.39460963394999,-1.41975376884528
ENSG00000148082,1.76828485007609,1.76804427173992,1.74528013155061
ENSG00000102743,-1.7895701063774,-1.78994334511668,-1.81276732886254
ENSG00000061337,1.63700045609956,1.63646814794096,1.61434450688609
ENSG00000150995,-2.5205633799536,-2.51894595765038,-2.54578391912841
ENSG00000016402,-2.29716914565905,-2.28222547312945,-2.32757203006013
ENSG00000167600,3.53875102376582,3.53267109994603,3.51689476725213
ENSG00000164171,2.57749613155185,2.57868243399626,2.55258573740426
ENSG00000158258,-2.44062573949184,-2.42409997550283,-2.46890678826981
ENSG00000197410,2.30536543989039,2.31067624266434,2.28692370340862
ENSG00000099954,-3.14897317377682,-3.11816207504891,-3.18078805841472
ENSG00000107742,2.20258338082942,2.20290714088862,2.1789588731749
ENSG00000053108,2.39470415220131,2.39977791794241,2.38044465283396
ENSG00000175985,-3.24042293780075,-3.17554083381054,-3.27107373156232
ENSG00000065609,-2.32171563168892,-2.14756254604584,-2.37299252130823
ENSG00000156966,2.3830318328098,2.3833845528781,2.35838042451032
ENSG00000216921,-1.82186209704142,-1.75919831657412,-1.85233260619809
ENSG00000168427,1.68412467696698,1.67694380748965,1.66301512028147
ENSG00000168481,-2.29257623991865,-2.28280867511955,-2.31728719115617
ENSG00000160932,1.66478439499638,1.66492441907163,1.63972547120919
ENSG00000267034,-3.03660501991617,-2.91322136076493,-3.08362656327242
ENSG00000163794,1.98634147203357,1.98533040835457,1.96710380502002
ENSG00000280119,-1.67916515406618,-1.62396419689436,-1.71575990102122
ENSG00000165521,-1.6443734064136,-1.62280781321164,-1.67395027825845
ENSG00000128573,-2.58901330564051,-2.57666466455585,-2.61376584303545
ENSG00000273403,1.72243500451017,1.72354895435712,1.71054511828719
ENSG00000275897,-1.59033698299752,-1.58677184494856,-1.62085266525823
ENSG00000101204,-4.04044025553653,-3.77312334763377,-4.09801388385406
ENSG00000183943,-1.33468600620597,-1.33465277443251,-1.35811296321951
ENSG00000110660,1.54531740684849,1.54548771674543,1.52196309107964
ENSG00000124602,2.4705356254724,2.47091652011563,2.44835130449742
ENSG00000170909,1.824600144438,1.81509581553602,1.80262764407335
ENSG00000140545,1.85240237480956,1.85247513325646,1.82779182267201
ENSG00000150687,2.01571322267805,2.01586733925265,1.99068369818057
ENSG00000006016,2.88204569612812,2.89087023572377,2.85769005377436
ENSG00000102109,4.05251407814804,4.0007189975042,4.03766781863114
ENSG00000110042,2.98815510882651,2.9878113616967,2.96338877217376
ENSG00000185052,-1.81580868417489,-1.80705285405501,-1.84079308114573
ENSG00000269964,-2.27020931669475,-2.24309265124583,-2.29928915527163
ENSG00000163347,3.57650082833255,3.5747460699136,3.55220371515672
ENSG00000105664,3.74727041948605,3.71100353692046,3.72797290438441
ENSG00000112559,2.51545167987316,2.51805283816925,2.49104856105872
ENSG00000168995,1.70983934248007,1.67776965596801,1.69695806898901
ENSG00000169435,-3.15515861236264,-3.13855404626098,-3.18102186314804
ENSG00000166546,1.84071873250626,1.84238283547104,1.81661575059041
ENSG00000237115,-2.18217988870724,-2.15201990579636,-2.21661829493306
ENSG00000181690,1.99138701613311,1.98834707911121,1.96653836175126
ENSG00000152377,2.09779497720289,2.10110012643166,2.0741898811104
ENSG00000179431,1.9729601538089,1.97283845362411,1.9502458723618
ENSG00000261438,1.38816765957305,1.39110235575094,1.36955644938153
ENSG00000009694,4.33930493070652,4.33413920260168,4.31448811224199
ENSG00000169258,2.50161540178121,2.49840895924014,2.48620324268827
ENSG00000133048,4.13987057325663,4.13498046798339,4.11623194864768
ENSG00000155816,-1.82243831657195,-1.77685997444633,-1.86045502741356
ENSG00000156535,1.73563543373614,1.73928108335415,1.71295031378902
ENSG00000103647,-1.59702129027116,-1.59264365329753,-1.62207084222773
ENSG00000088882,-2.53553082410391,-2.51993471902168,-2.5617457314645
ENSG00000099953,2.67549455735657,2.6810587510141,2.65408427652405
ENSG00000164627,-1.41594119946559,-1.41815502079853,-1.44201517466133
ENSG00000241978,-1.7393779418022,-1.68575023891466,-1.77412673902221
ENSG00000230461,-3.03917957075382,-2.91907589849182,-3.07891785004034
ENSG00000137709,1.70790671931036,1.70769265890305,1.68220669528775
ENSG00000142733,1.45298265498811,1.4530193162329,1.42939608434981
ENSG00000103811,2.35052492131223,2.35051229326079,2.32709774270769
ENSG00000203280,-1.59148133377543,-1.593664175343,-1.61844857320984
ENSG00000204934,-1.71347606998027,-1.71322937327043,-1.73827584352573
ENSG00000138185,2.39652888988657,2.39657602343549,2.37177424636055
ENSG00000119655,2.45617392958147,2.4561691120992,2.43032769464163
ENSG00000136573,-2.32954525073855,-2.29049259221274,-2.37323324998379
ENSG00000197580,-1.55047214344488,-1.54830756751243,-1.57564602904321
ENSG00000261399,-3.46520501122401,-3.38898706102973,-3.50117814259469
ENSG00000123610,1.71481810201638,1.71064219382159,1.69764176820387
ENSG00000171811,-1.41763925026989,-1.41787998244803,-1.44117059796811
ENSG00000261786,-1.56712037645848,-1.56528156403737,-1.59000063978583
ENSG00000130513,4.5329534274285,4.52307141996616,4.50991062169923
ENSG00000002726,2.19702411715656,2.20373433023297,2.18296126917793
ENSG00000187134,-2.37139362432108,-2.36087943451286,-2.39578307518236
ENSG00000249684,-2.02879649900908,-2.01484169144202,-2.05558394937055
ENSG00000130508,1.4201555569627,1.42043562658085,1.39714888690036
ENSG00000186399,-1.75826824547612,-1.74417016946301,-1.78702233303103
ENSG00000136048,1.49392489461075,1.49425195202485,1.47029367234451
ENSG00000164638,-1.98097520771175,-1.9766284804286,-2.00522613806139
ENSG00000171159,1.47353178172923,1.47338647340532,1.44893115703788
ENSG00000233251,-1.70457516033396,-1.70076213715571,-1.7292074419285
ENSG00000204839,2.37953115260649,2.38001586042431,2.35488900744541
ENSG00000147883,2.7324427579144,2.73175611728786,2.71061467135392
ENSG00000078725,2.39497192054853,2.39745403309253,2.37178168673428
ENSG00000196083,1.99682525572125,1.99837614973178,1.97269937251419
ENSG00000110092,1.8257264936356,1.82572025452152,1.80208256327926
ENSG00000106714,-2.01096121675989,-1.99695456069902,-2.04380480785843
ENSG00000221890,1.49747410800176,1.49750972235235,1.47416591213012
ENSG00000106236,2.32606421133718,2.32485418477573,2.31673976510798
ENSG00000148926,2.06109970209924,2.05968547835385,2.03764484581107
ENSG00000174307,2.04489026162746,2.04448297342322,2.02080960029285
ENSG00000186510,-3.1217772418975,-3.05574873645211,-3.14989394957106
ENSG00000150625,-3.65109711127864,-3.61614486675864,-3.67620641469668
ENSG00000187122,5.61921875052494,5.5734133625909,5.60118121200316
ENSG00000077264,-2.89545881392451,-2.87249587973918,-2.92296754741946
ENSG00000275832,1.69195065663935,1.69195016323941,1.66749111541222
ENSG00000010310,2.02893584460604,2.01969508952995,2.01188412735995
ENSG00000143171,5.85566529443361,5.82742805662701,5.83091589923551
ENSG00000144681,2.6548398950077,2.66510635812219,2.63183848755689
ENSG00000230018,-1.9472700484717,-1.93839497348465,-1.9772911284446
ENSG00000197421,1.56191152385138,1.56075723015441,1.54073765842487
ENSG00000188676,-2.28087676690583,-2.21871291525882,-2.32609457728236
ENSG00000065361,1.68079938810696,1.68062346031447,1.65553760522006
ENSG00000160781,1.56539465538257,1.56551449920354,1.54239600160703
ENSG00000171385,-1.97463582502471,-1.9590063787537,-2.00435179885042
ENSG00000105717,-2.28260057972938,-2.28058518392568,-2.30674258418084
ENSG00000186891,1.7966483314868,1.76169834843085,1.78315036047526
ENSG00000198010,-2.44053648541153,-2.38638127639838,-2.47315514722073
ENSG00000257647,-1.64473771508864,-1.62141596546186,-1.67477766181459
ENSG00000100298,2.04634275985328,2.0357295408044,2.03140869187208
ENSG00000260057,-1.78075231419895,-1.76848080247927,-1.80690599416999
ENSG00000196169,-3.25758703814518,-3.21687947786237,-3.28993143087668
ENSG00000177990,-1.50668276932729,-1.50453792513814,-1.52949896858636
ENSG00000112319,-2.45061252572135,-2.40257549340261,-2.48093623023869
ENSG00000151224,-2.13567082228449,-1.95615970334051,-2.18218782037976
ENSG00000131771,4.77431028562672,4.74981914036922,4.75915863823965
ENSG00000167080,-2.89020437033604,-2.83947168417773,-2.91556161775287
ENSG00000133794,1.70899303700691,1.70901044988844,1.68439661145013
ENSG00000163462,1.63649371679942,1.65068731087991,1.61948434952373
ENSG00000178752,1.69840186815628,1.69425549437369,1.67284694026775
ENSG00000164398,-2.48207419363539,-2.4242999770036,-2.52149303113985
ENSG00000105976,2.45412985981556,2.45405691747328,2.42990257519524
ENSG00000166342,1.86056879093872,1.86463069700563,1.85251826249129
ENSG00000164199,-3.32258354948592,-3.29078253833222,-3.35051617938877
ENSG00000167617,1.72089874584158,1.721008539117,1.69675049157843
ENSG00000169594,2.66506991724532,2.66950977083068,2.64967955199045
ENSG00000022267,-2.47072133833962,-2.47007947250635,-2.49433786477072
ENSG00000128655,-2.4373623184035,-2.42320192440371,-2.46441311518845
ENSG00000155792,-2.01473781601592,-2.01409958827001,-2.03842652838541
ENSG00000276043,2.25108294378648,2.21682079557963,2.23825272957679
ENSG00000146374,-2.19841657578957,-2.18249737529441,-2.22895447670515
ENSG00000163141,1.50537819404866,1.50615252701243,1.48027911951092
ENSG00000088992,2.71939251727602,2.72018691715986,2.69356704430157
ENSG00000166206,-2.40991479225433,-2.38390805529752,-2.43405201158826
ENSG00000141934,1.97135439590685,1.9711260751803,1.94843722383475
ENSG00000176406,2.51535083965614,2.49374644255082,2.49498522419655
ENSG00000155849,-2.4082945381754,-2.40650221336865,-2.43382947393708
ENSG00000163145,-2.82345412914105,-2.80047846566524,-2.85050731195855
ENSG00000117122,2.07453032715938,2.07562132992036,2.04961739337389
ENSG00000175063,1.78504419945973,1.75059426115937,1.77039996152639
ENSG00000163492,-1.49659049636707,-1.49391048305021,-1.52571332489083
ENSG00000093009,2.02558096572662,2.01446025786326,2.01054796451696
ENSG00000162630,-3.11403393868223,-3.06319418045408,-3.15149344418971
ENSG00000256139,-1.49149447706117,-1.49141141730951,-1.51953869778377
ENSG00000089101,-1.58648317264993,-1.59278971212753,-1.61745224004342
ENSG00000189233,-3.30438134772807,-3.2549606693642,-3.33847080565901
ENSG00000141232,-1.30462111992563,-1.304600042028,-1.32815310602027
ENSG00000203722,1.8289171220297,1.83084271175686,1.80982890672075
ENSG00000185818,2.86371077917425,2.86172302503386,2.84165201051789
ENSG00000009765,-2.11667344364407,-2.11653716213866,-2.14013368088922
ENSG00000166145,1.60237308982981,1.60238306430381,1.57795843274971
ENSG00000237187,2.31208668939529,2.31615692578302,2.28762339394759
ENSG00000170439,4.14867361374251,4.14283732926894,4.12424985610698
ENSG00000121270,1.86154625130602,1.91669043522507,1.84506802397046
ENSG00000013619,2.40563622793193,2.4066833736481,2.38025100397499
ENSG00000128283,1.39710855508779,1.39718323688395,1.37311527035671
ENSG00000166922,2.17044978712493,2.16963573782308,2.14537168581421
ENSG00000144152,-1.35652891380851,-1.35631021782042,-1.38049789186647
ENSG00000244734,-2.3924663854132,-2.3909130228899,-2.41577528218032
ENSG00000131097,2.10228701530241,2.1021495235494,2.08393362180068
ENSG00000148734,1.85020279419009,1.84901411347708,1.83295043195515
ENSG00000149294,-2.78205447323974,-2.77399437842546,-2.80568029864742
ENSG00000163898,6.40679880652717,6.33623556044327,6.38697426269634
ENSG00000259236,-1.43809686325309,-1.4321197636571,-1.46774862481846
ENSG00000070404,1.60073981741645,1.60121506962493,1.57539590619287
ENSG00000127324,-3.17581910714863,-3.08588288627445,-3.21923880059052
ENSG00000101236,1.29097571845916,1.29099727077152,1.2676953804467
ENSG00000164946,-2.82186454539106,-2.6725990351323,-2.86747116561032
ENSG00000184613,2.08941357596138,2.09024333661071,2.06581012879475
ENSG00000104112,-2.35218621349807,-2.33769537039274,-2.39211192196583
ENSG00000005001,1.58919390498539,1.59012720376489,1.56464297797296
ENSG00000107731,1.80137937284617,1.80117292065781,1.77723290795257
ENSG00000241935,-2.1805184574412,-2.12235330767669,-2.21216873680635
ENSG00000255458,-1.36862291197583,-1.3755400116165,-1.39918747654196
ENSG00000198959,1.66669679498608,1.66694110074583,1.64172928716944
ENSG00000171368,-2.61155477567948,-2.60693665267323,-2.63509057401584
ENSG00000167216,-1.66768556732477,-1.665318306604,-1.69093748808066
ENSG00000147100,-1.65982809651284,-1.65840801112062,-1.68353881473185
ENSG00000127564,2.03436908077326,2.02195163355117,2.0187326852388
ENSG00000152990,-1.52384643097062,-1.5238424001666,-1.54677689715181
ENSG00000182667,2.13808072572415,2.14486417596313,2.1132815961687
ENSG00000260398,-1.5579773812056,-1.55000383439976,-1.58628259420675
ENSG00000123700,3.30202645953815,3.30253712883672,3.2784641602474
ENSG00000198682,-2.76418927096926,-2.7596193265197,-2.78894388392346
ENSG00000188039,-3.96929997062851,-3.89200938985921,-4.00374609249286
ENSG00000143217,4.64353211638131,4.62107983246474,4.62142656333826
ENSG00000114757,-1.45715725542892,-1.45901718918158,-1.49182696188174
ENSG00000183379,4.01955717036684,3.9931769427091,4.01898324201499
ENSG00000104140,1.65741976211063,1.66166531858135,1.63531733833077
ENSG00000162069,1.5281699262532,1.52756484454612,1.50265394615059
ENSG00000164442,-1.68822795775887,-1.68813742297372,-1.71155878449224
ENSG00000172508,1.44587987781745,1.44600527401731,1.42228529255724
ENSG00000198846,-1.57237263828094,-1.56432429015016,-1.59896447826914
ENSG00000167751,-3.90853691701216,-3.78608118698819,-3.94462518827858
ENSG00000137648,6.22292694711714,6.14704182365168,6.20647027342699
ENSG00000156103,2.59659289147682,2.59762313562062,2.57280725958175
ENSG00000197769,-1.75778931139157,-1.74298436655795,-1.79027003825629
ENSG00000166482,-3.2518234570561,-3.22918839295913,-3.27956556981675
ENSG00000189056,-5.01435253008368,-4.90265544678454,-5.05180685509605
ENSG00000128604,1.62002395522665,1.61907750440904,1.59825517736814
ENSG00000267365,1.68886962375673,1.68809525448797,1.66707258090026
ENSG00000176890,1.39066586309308,1.3907461143169,1.36907237292076
ENSG00000144485,2.15796670123366,2.15738227463724,2.13382867145546
ENSG00000151704,-1.76751299089048,-1.75835069195694,-1.80324141531288
ENSG00000154553,-2.25162203311474,-2.24646224146464,-2.2761926346747
ENSG00000179913,5.82081119029944,5.76449634577371,5.80740691366617
ENSG00000050030,-1.94791784326795,-1.93236605442519,-1.97738142711041
ENSG00000136040,2.14642392348853,2.14648710920506,2.12144257610484
ENSG00000066248,5.29162466208636,5.27701230656629,5.26942719532145
ENSG00000182950,-2.01858941407682,-2.01001977754697,-2.05364064235318
ENSG00000073792,1.85851836815651,1.85876006877036,1.83318787610451
ENSG00000233608,-1.81268665795077,-1.74934774701964,-1.84885818856115
ENSG00000006071,-1.91377169340004,-1.86181186049064,-1.9401822038279
ENSG00000050344,2.45676336783282,2.45834077162496,2.43465118808499
ENSG00000125845,-1.60925830482667,-1.60904573844654,-1.63344389648921
ENSG00000175832,3.94260282118994,3.93570932254998,3.91854802147569
ENSG00000182600,1.7759270060471,1.7768045325989,1.75661710876746
ENSG00000133640,-1.63584557673108,-1.63738032236246,-1.6614393033423
ENSG00000132970,-1.70973083564139,-1.70868757692314,-1.73297708067293
ENSG00000234899,-2.09952510416759,-2.09082877101466,-2.1286374632568
ENSG00000254153,-2.40886474450743,-2.38573964765723,-2.44923531618554
ENSG00000181634,1.71215975165974,1.7110905921729,1.68764455352446
ENSG00000142765,2.13533464104284,2.13468037383987,2.11190240854265
ENSG00000101098,-2.54567400584337,-2.51974521517363,-2.57045034497278
ENSG00000126752,2.88152122180264,2.8779899572772,2.8675937437278
ENSG00000083067,-3.37108046881691,-3.28927484469421,-3.41204376030593
ENSG00000174990,-1.66668806695758,-1.63216556225108,-1.7055038269752
ENSG00000130208,2.2811515385685,2.27518604030917,2.25541182516612
ENSG00000196639,2.23688006339446,2.23799956479621,2.21410641368259
ENSG00000277363,3.42232692079347,3.41499466624596,3.39840771937907
ENSG00000160883,1.62958234850924,1.62410715798178,1.6072759532815
ENSG00000178162,-1.36128410726381,-1.36260240849861,-1.38663143699975
ENSG00000174791,2.23400920094307,2.23395431375594,2.21000018178119
ENSG00000254585,-2.25183865881521,-2.20106159510906,-2.28451467217223
ENSG00000163431,-2.76615142137293,-2.7628699324903,-2.78990809881099
ENSG00000211448,-1.94369528117795,-1.94357159425977,-1.96626823554046
ENSG00000064309,-2.18536922876415,-2.18299411369248,-2.20994338504242
ENSG00000099625,2.02429693212001,2.02497839816435,2.00460875491324
ENSG00000138639,-2.31196290570959,-2.3089004086101,-2.33685584597093
ENSG00000228214,-1.60893518833952,-1.5975312998672,-1.63685473076402
ENSG00000169083,-1.80245649979616,-1.79316215413805,-1.82850783071396
ENSG00000163435,2.05946713644564,2.06056879278945,2.03504494712234
ENSG00000228878,-1.27464776855827,-1.27756247701668,-1.29905829841669
ENSG00000205542,1.47913922045912,1.47917248747976,1.45567213544356
ENSG00000232973,1.85594774523211,1.85731589784523,1.83582535162727
ENSG00000260912,1.80429730471492,1.80415068777745,1.78133529409522
ENSG00000008056,2.57478545849096,2.5851719269875,2.55597475371404
ENSG00000176532,5.93553934285979,5.92167366320587,5.9129172994285
ENSG00000197461,1.30748969004327,1.30781056335854,1.28383140411048
ENSG00000144406,-2.14152642659366,-2.12415022345348,-2.17133529539301
ENSG00000235947,1.57326515321229,1.57551501299537,1.56017994312763
ENSG00000109906,-1.83754537331139,-1.8329648491184,-1.85965958159367
ENSG00000064270,-3.17873627796766,-3.16221483349321,-3.20523673690767
ENSG00000197748,-1.53017867089305,-1.53064597459654,-1.55363444895534
ENSG00000120262,-1.29045709493222,-1.29061077268049,-1.31359287934501
ENSG00000112936,-3.14376460201923,-3.10709551299355,-3.17321608264049
ENSG00000135205,-1.68185739130979,-1.68058291365575,-1.70677224000454
ENSG00000134830,2.12545143721137,2.12458067527377,2.10674046083503
ENSG00000259417,3.01769378186929,3.0036136479077,2.99372823465312
ENSG00000197444,-2.35171896773364,-2.34758531575083,-2.3754347933594
ENSG00000235072,-1.4245303104861,-1.42040790148107,-1.45457746334555
ENSG00000105427,2.41134127466604,2.40531310207346,2.39049294363775
ENSG00000076382,-1.32903159614617,-1.32876492712944,-1.35347814158526
ENSG00000272622,-1.64057469836967,-1.63852908257446,-1.66868037764731
ENSG00000235978,2.94147761018375,2.94132203934411,2.92275304438252
ENSG00000141391,1.9711461499784,1.97096725720981,1.94882665278458
ENSG00000177182,-1.81278038529371,-1.78592830026342,-1.85328978664579
ENSG00000267750,1.86135747221731,1.8616884787675,1.83824979719182
ENSG00000011028,2.79708259212747,2.79699765374555,2.7699192231361
ENSG00000157927,-2.85426401118133,-2.83880707716385,-2.88068238058694
ENSG00000080007,-2.36183692931822,-2.24689742435169,-2.40771654913838
ENSG00000169282,-1.90432376373807,-1.89615737776256,-1.92774843937622
ENSG00000173715,1.64048076054323,1.64040526272672,1.61759424564251
ENSG00000174899,-2.04845451753647,-2.04485995502136,-2.07388972119597
ENSG00000231107,-1.7560718572043,-1.75395030982497,-1.78039590100117
ENSG00000006118,1.52332658570349,1.523331940927,1.50106756483603
ENSG00000259660,-1.88167493154615,-1.85645639613304,-1.91850075564297
ENSG00000179528,1.6118719469401,1.61265367747676,1.59567542077024
ENSG00000115525,1.43818453885306,1.43818583970989,1.41399049814192
ENSG00000158270,-1.89729849288202,-1.88423619123016,-1.92551526800251
ENSG00000186838,-3.14645185697176,-2.9935522860203,-3.17960563479733
ENSG00000139970,-1.40558585866651,-1.40541976241251,-1.43074037669902
ENSG00000164188,-2.35930503039867,-2.35075417973678,-2.38781568236129
ENSG00000125257,-1.74596358335352,-1.74251220249682,-1.77234996918888
ENSG00000237863,-2.45100224384051,-2.38187743861126,-2.48480456239646
ENSG00000225969,2.11167949293534,2.11611773884381,2.08961309342267
ENSG00000173227,6.58532111399297,6.60587936519056,6.56715836880497
ENSG00000113805,-2.07396873079245,-2.03767256873584,-2.1001925043756
ENSG00000105011,2.01193217592363,2.0108783241062,1.99128298906361
ENSG00000250343,3.08006016523346,3.06724145648633,3.06631312866252
ENSG00000184500,3.13241517484687,3.13248838836225,3.10627174846701
ENSG00000057657,1.70799312828055,1.70813872940985,1.68434592567721
ENSG00000162669,-1.59199994599468,-1.58837090467064,-1.61677924828048
ENSG00000183049,-1.49620950874675,-1.49594933555963,-1.52000952319044
ENSG00000117298,1.53671074501148,1.53669980712935,1.5131592729388
ENSG00000132481,1.69235555531517,1.69203749225335,1.66763296887307
ENSG00000118322,2.20847206978304,2.23170900772988,2.19388143990598
ENSG00000125207,2.51242775254337,2.5241924497975,2.48896014495297
ENSG00000079102,-1.74088977727527,-1.74061136263602,-1.76537981295805
ENSG00000112183,-2.5333632154581,-2.49065677087974,-2.56985616054666
ENSG00000065675,-1.28704704536273,-1.28697948692531,-1.31091750293141
ENSG00000161640,-1.47574312126915,-1.46808634037579,-1.50612237443519
ENSG00000140479,-1.52316218767759,-1.52531567633965,-1.54909949625213
ENSG00000109832,-2.34158024943217,-2.3369578161789,-2.36782820171046
ENSG00000137460,-1.50948026803436,-1.50908337018163,-1.53273565464573
ENSG00000148948,-2.14010412963789,-2.12442104204785,-2.16802961381874
ENSG00000161714,3.17371755238251,3.1730413445802,3.14892426855078
ENSG00000166780,1.72187962381119,1.72198997042995,1.69807436967396
ENSG00000066382,-3.62811005864521,-3.59935115363811,-3.65409264478363
ENSG00000211452,-4.33391159609044,-4.29257944768082,-4.36297660939622
ENSG00000101746,-4.73994555032804,-4.49586731912574,-4.79282246297516
ENSG00000154262,-2.0701763890187,-2.06606329543308,-2.09693167667695
ENSG00000276790,-1.50609693775204,-1.50978739994274,-1.54142680874933
ENSG00000138696,-2.18486364341139,-2.08260086517077,-2.23079601751026
ENSG00000150551,1.78583773943565,1.78673830935442,1.77169212448802
ENSG00000170153,-2.4876374576545,-2.48176544266507,-2.51366956418046
ENSG00000228559,-1.45612309794517,-1.45998708451121,-1.47995654324967
ENSG00000101282,2.08053164341975,2.07779952166863,2.0546353362673
ENSG00000237438,-1.67747403944432,-1.66132014243475,-1.7052630180179
ENSG00000187642,3.5742079364102,3.54882095408551,3.56081735112591
ENSG00000178531,3.03845007156981,3.03457482520967,3.01479686548623
ENSG00000279338,-2.26584937402181,-2.25018121612416,-2.29484203629856
ENSG00000253669,-1.50888142252013,-1.51183859808597,-1.53873765328424
ENSG00000174672,-1.80449118766968,-1.80083557069522,-1.83103985740953
ENSG00000128165,-1.6830968812561,-1.68151426116153,-1.70602326560351
ENSG00000134548,-3.03252458975709,-3.00301761844168,-3.05797122561923
ENSG00000133121,-1.45203489808062,-1.45181224454405,-1.47512398470588
ENSG00000134201,-2.92706004060277,-2.91259528642019,-2.9548782480356
ENSG00000279675,-2.22405941230752,-2.11114457116135,-2.27174812786683
ENSG00000185774,-2.20787513134525,-2.20697607581315,-2.23207905558902
ENSG00000253404,-1.87652468810665,-1.8084942587412,-1.91868327725462
ENSG00000184163,2.08550268117381,2.08616320526803,2.06914664020652
ENSG00000254528,-2.34905624144695,-2.32059920821073,-2.38769130094745
ENSG00000141431,-4.17005970478501,-4.04160621575905,-4.21085784883654
ENSG00000086619,-1.31806297776692,-1.3178731100731,-1.34166834753964
ENSG00000163661,-1.45987652599038,-1.46091715225633,-1.48537985202918
ENSG00000167513,2.02203745310602,2.02226110028442,2.00072752307039
ENSG00000132334,2.17244950114447,2.17278729872295,2.14749102850322
ENSG00000163485,2.63600557840674,2.63456389416744,2.61279383734678
ENSG00000007516,3.2614638001157,3.26157800796691,3.23806564910455
ENSG00000146072,1.70852894617065,1.70838376007702,1.68575301073754
ENSG00000163395,-2.42335859251233,-2.3897074656826,-2.45019984359042
ENSG00000198774,-3.1478551476865,-3.13991073412108,-3.17425841863425
ENSG00000106992,1.47108717799328,1.47096062062724,1.44682540312745
ENSG00000134569,4.13716565899044,4.13627112251767,4.11343565517246
ENSG00000172724,-2.5562090324278,-2.45274847893975,-2.59781942304544
ENSG00000139044,1.67493572770617,1.67461223211935,1.65211059206522
ENSG00000120875,2.69192332137323,2.68717547045465,2.66976519820425
ENSG00000135116,2.31699561467185,2.31763144126541,2.29425557571415
ENSG00000167912,-1.7259837686675,-1.70970390784466,-1.75598755189497
ENSG00000135477,-1.72090143327578,-1.72046131844613,-1.74652749023898
ENSG00000150510,-2.19378717454129,-2.19338894400287,-2.21960894634895
ENSG00000196482,-1.76244859752118,-1.75969664576601,-1.78619872289528
ENSG00000162670,-3.03349547522431,-2.83360423139929,-3.09102338333526
ENSG00000174460,6.85795029361993,6.84056185560551,6.83638247534833
ENSG00000124731,2.64312611911868,2.62763798590168,2.6233679835193
ENSG00000164078,1.58896290090785,1.58910079675665,1.56403460558833
ENSG00000134323,-1.49241413545271,-1.48830332876879,-1.51670083790216
ENSG00000169760,-2.9778521753935,-2.92748601247293,-3.02082210167715
ENSG00000196616,-5.67074038102384,-5.44942304040941,-5.7128199171251
ENSG00000161958,-1.89664004525726,-1.85951866573035,-1.93021487816484
ENSG00000131400,1.98699387995184,1.99366002845903,1.96501630988411
ENSG00000177363,-3.85578529762141,-3.72900526472847,-3.90284051568244
ENSG00000243449,2.55733028154413,2.54743206730948,2.53766842225285
ENSG00000205832,-1.44123360569874,-1.44482074715795,-1.47004133387618
ENSG00000101463,-2.15051657189479,-2.13786120382157,-2.17660293512801
ENSG00000149573,2.3228727336555,2.32279101746934,2.29760561326548
ENSG00000101938,-5.06479040482289,-4.93253965964735,-5.09756333475873
ENSG00000254726,1.69319255720374,1.6949913818549,1.67008956714468
ENSG00000109819,-2.72674648022979,-2.71714151352169,-2.75177957651562
ENSG00000133169,-2.73038588762876,-2.70601729588764,-2.75636734463752
ENSG00000173421,-1.48683409212871,-1.49760196698029,-1.51507835485133
ENSG00000272482,3.88422218452568,3.88658845417419,3.86515920224254
ENSG00000157214,-1.88230629738441,-1.87578202998206,-1.90845789436108
ENSG00000256340,2.95081882257257,2.94500001556339,2.93706938495746
ENSG00000187583,3.76434044226393,3.75253427876056,3.74581711703085
ENSG00000198121,-1.46904273962554,-1.46753874350173,-1.49374496044815
ENSG00000019991,-1.40273250364464,-1.40203179081313,-1.42873307777897
ENSG00000164176,1.81015872038127,1.80954313250863,1.78788644785821
ENSG00000203876,-1.4482930452415,-1.45652146086836,-1.47620999492316
ENSG00000155530,-1.56436513067677,-1.55585253937621,-1.59646251057047
ENSG00000174567,3.90410355943204,3.89786940046866,3.8825614385919
ENSG00000002746,-2.98541710322567,-2.88474290515622,-3.02628696004494
ENSG00000115112,-3.84895665216526,-3.8427385800374,-3.87318978228773
ENSG00000170959,-2.01069531578522,-2.00800092492216,-2.03825464107003
ENSG00000088881,-1.52449519842519,-1.52102083658605,-1.54987939242878
ENSG00000146005,1.73515001133273,1.7485276413137,1.72211847532253
ENSG00000169047,-1.64877770635341,-1.64842597002988,-1.6724444104118
ENSG00000105650,3.79300191725939,3.78417677346358,3.77008244048685
ENSG00000179715,1.63337341707164,1.62775749240909,1.61091471964194
ENSG00000184489,2.03938918754033,2.03892490191142,2.01491135222119
ENSG00000153823,-3.11052286389972,-3.10053739554897,-3.13771476951247
ENSG00000091844,-1.63074665799613,-1.62882157956819,-1.65670255731741
ENSG00000116761,-1.58103170225657,-1.5806144180307,-1.60531655042914
ENSG00000124813,1.92513192957257,1.92629276378179,1.90111929862667
ENSG00000169071,-2.11295236958601,-2.10016830030994,-2.13781905726548
ENSG00000151725,1.37806245002839,1.37960163021683,1.3574073981976
ENSG00000267724,-1.70963597704589,-1.69592118102412,-1.74993342456782
ENSG00000178826,-2.84300089752741,-2.81571604872013,-2.86813749808661
ENSG00000170209,-1.95786342008754,-1.952394033718,-1.99090912188306
ENSG00000147257,-4.49301325721569,-4.42688010966893,-4.5246873656265
ENSG00000142319,-3.07403444222312,-2.9703277190717,-3.11640923844019
ENSG00000166793,1.74713835568754,1.74764543603492,1.72341726050311
ENSG00000223564,-2.46707266540945,-2.36778107756536,-2.50411410225299
ENSG00000160678,1.96288301073514,1.96280121688473,1.93632694170819
ENSG00000157103,2.16982502001214,2.16067660632449,2.15658184663909
ENSG00000115718,1.88471286796421,1.88525015612812,1.86884378031408
ENSG00000182109,-2.40498809611045,-2.39954890579423,-2.42854257270725
ENSG00000169302,2.79719338872949,2.79557330954674,2.7726045466745
ENSG00000140945,1.85686284166393,1.85663734477482,1.83428828030673
ENSG00000180828,-2.22587764250376,-2.10103543685765,-2.27320755920776
ENSG00000232070,-1.90101744084228,-1.88715193993101,-1.9339002323881
ENSG00000177181,-1.90214904198985,-1.90069580572419,-1.92948637546966
ENSG00000101230,-1.56593500170842,-1.56325061565635,-1.59028283849617
ENSG00000278962,-2.18602723678192,-2.17761407743752,-2.21379900166151
ENSG00000072682,1.85514513674795,1.85515274190257,1.83131384707705
ENSG00000014914,2.05819004088547,2.05836962348542,2.03369684385933
ENSG00000225778,-2.09858648546119,-2.06176313202856,-2.12518878789857
ENSG00000005884,1.56114865939902,1.56114892476429,1.53708646840469
ENSG00000100784,-1.71896870516171,-1.71954951934971,-1.74385782723976
ENSG00000111339,-3.11181964180356,-3.07691034274887,-3.1437071476411
ENSG00000179935,-1.70232499110145,-1.70023107067815,-1.74040222807778
ENSG00000183844,-2.08522855123929,-2.08064068799612,-2.11043000698018
ENSG00000188803,2.91812166537863,2.93011609712093,2.89923096565096
ENSG00000148357,-2.07748694669764,-2.07475262402994,-2.10263926764607
ENSG00000156011,1.76107839227492,1.76101762382592,1.73751657413427
ENSG00000182870,-1.91273549285704,-1.90433063553335,-1.93888077704685
ENSG00000154316,-2.2283774279335,-2.15182316394992,-2.26512608517544
ENSG00000170214,1.94483010692597,1.94479067203299,1.92400344911347
ENSG00000099812,3.24248136622299,3.26374614280999,3.22258026958397
ENSG00000183856,2.49823803934897,2.48624788210625,2.48180312876664
ENSG00000136842,-1.99805145070174,-1.99083896181338,-2.02231782906297
ENSG00000183775,-4.11808202199289,-4.07760572238147,-4.15158958395507
ENSG00000109861,1.88209236446198,1.8822515753588,1.85914013311668
ENSG00000173898,3.35758465150324,3.35261133522137,3.33410725103198
ENSG00000226816,-2.41131799104599,-2.37018154727581,-2.44177298168508
ENSG00000105327,2.31969627928533,2.31908841583622,2.29684044236259
ENSG00000197249,4.37988399462101,4.37958191333077,4.35377828079225
ENSG00000158352,2.63466336471021,2.63448085565761,2.61069444603807
ENSG00000205710,1.48206128242052,1.4820101051428,1.4583554968615
ENSG00000113532,1.57990039430755,1.57924905547533,1.5578474093912
ENSG00000156299,2.82710030342148,2.82699505593256,2.80526067401182
ENSG00000177685,1.61510295254232,1.61497856862858,1.59078760176746
ENSG00000182103,-2.04394314463764,-2.03248701011725,-2.07212497211748
ENSG00000245213,1.32881831386681,1.32886923985663,1.30669081803836
ENSG00000188316,-1.35457249711356,-1.36235056084293,-1.38257330951622
ENSG00000165959,-2.00291182428988,-2.00111084740551,-2.0265337675363
ENSG00000261286,-1.5862336277121,-1.58886902918862,-1.62263072471453
ENSG00000227036,2.59460744036414,2.61053362238049,2.57772785939079
ENSG00000094963,-3.03661876806983,-2.99947619315913,-3.06536458947695
ENSG00000144730,1.81325008225531,1.81411037095919,1.78876706468902
ENSG00000131016,-1.60054160605059,-1.59917620339592,-1.62424129548046
ENSG00000113361,2.83832971807261,2.83990369273069,2.81384675855306
ENSG00000177994,-1.72382703736667,-1.72989815102448,-1.7525202837401
ENSG00000189058,-3.0668448392459,-3.05619968910449,-3.09338453760596
ENSG00000205358,-4.35136544842457,-4.19878965210061,-4.38212033485095
ENSG00000188517,-2.02412051632413,-2.00881013261535,-2.05264657304212
ENSG00000104892,1.72870597441082,1.72831666272578,1.70603140197557
ENSG00000136237,1.50699084106127,1.50711319818702,1.48395576824065
ENSG00000183696,2.1296898292658,2.12986800709856,2.10590551734181
ENSG00000164972,-1.90134688164548,-1.86782256965154,-1.94243928813502
ENSG00000128422,2.91205574302675,2.93136990334014,2.89716671028779
ENSG00000139364,-1.4025264369497,-1.40069183077977,-1.42633852135962
ENSG00000226124,-1.69007328389128,-1.69163840582127,-1.71433955356706
ENSG00000147889,2.93454188535948,2.92979900817857,2.91878156574686
ENSG00000163472,1.81517656649308,1.81561039252199,1.79200463614333
ENSG00000101198,2.40503158344,2.40062431727372,2.38324872493942
ENSG00000138615,-1.8200251660449,-1.79451449093669,-1.84522302945799
ENSG00000004776,-2.07651791192357,-2.06793108878104,-2.10174275818676
ENSG00000166183,-2.28229824932131,-2.26083397014812,-2.31319987741235
ENSG00000233593,-1.36198186316553,-1.36423312125589,-1.38798489517975
ENSG00000248890,-1.65274000857843,-1.65244861320534,-1.68993451637991
ENSG00000261150,1.81288253592129,1.81563630753943,1.7877682699865
ENSG00000137766,-1.527687040546,-1.52280647786559,-1.55401962994442
ENSG00000138061,2.53267927788403,2.53610688106446,2.50820594084157
ENSG00000206129,-3.68781952312535,-3.54266462307139,-3.73406420457522
ENSG00000231249,-1.97669970171338,-1.92750691188744,-2.01123922024075
ENSG00000187730,3.01971662713855,3.01414868923655,3.000909051709
ENSG00000131018,-2.09429892787584,-2.09361164678632,-2.11867761982074
ENSG00000165568,-2.15350096665848,-2.14942791988502,-2.17975015414149
ENSG00000081479,-2.17607967955867,-2.17494242799486,-2.19858213977583
ENSG00000167434,-3.04402391976447,-2.93926130034708,-3.07450737519809
ENSG00000244694,3.49987559630185,3.4902467519469,3.47794418956571
ENSG00000206052,-1.75623988597958,-1.75040911242423,-1.78303127795097
ENSG00000112964,-2.1077119576881,-2.10615236186596,-2.13235400676877
ENSG00000196878,4.10033537025672,4.09947508322732,4.0753304600145
ENSG00000152128,3.17771366318179,3.18387704024202,3.15696176657604
ENSG00000229498,-1.7765469271614,-1.77369568081932,-1.81382446074009
ENSG00000115828,3.16383795715411,3.16217816259742,3.14021301054165
ENSG00000176971,-2.79579691135308,-2.76349180729124,-2.82339251997582
ENSG00000035499,1.82100572219399,1.82395087039825,1.79903741869517
ENSG00000140931,1.41531660732359,1.41540212401554,1.39154739183584
ENSG00000122756,-3.94216176139957,-3.67144038279898,-3.99423641293106
ENSG00000018236,-3.77506664798087,-3.5784727545222,-3.82721668201268
ENSG00000152503,1.72163456754209,1.73788141125606,1.7021166828035
ENSG00000175920,3.07150094657361,3.05948175876949,3.04911571653279
ENSG00000276772,-1.71010554394084,-1.66656088547355,-1.74446530246531
ENSG00000152292,-3.06007820974992,-3.02389286574849,-3.09047225572387
ENSG00000256234,1.50019221515733,1.50030074127439,1.48379495792763
ENSG00000260643,-1.42644755500909,-1.43278784262068,-1.45171031223287
ENSG00000272631,-1.31423087610682,-1.31560812360804,-1.33788429939718
ENSG00000167767,2.43456729728472,2.43200564494362,2.40958850000044
ENSG00000149218,1.4040925789197,1.40421433653603,1.38026844328213
ENSG00000163235,2.42924994659829,2.42925281409084,2.40563235821809
ENSG00000011422,2.17966727606161,2.17686209398351,2.15673321104251
ENSG00000138650,-1.76742584743247,-1.73873537088444,-1.80143946244089
ENSG00000126878,-1.58534457816696,-1.58530721005032,-1.60783085677531
ENSG00000175084,-3.59366560101698,-3.47076906693071,-3.62310652545338
ENSG00000158246,-1.65560798275014,-1.65352570923882,-1.68113329993631
ENSG00000254231,-1.32371739926678,-1.33724003215977,-1.35535949904008
ENSG00000143320,1.91075321961985,1.91064977842238,1.88784582488862
ENSG00000255020,-3.47425895619268,-3.33499336252118,-3.51243571549755
ENSG00000105376,3.93611149411292,3.91935152097521,3.9141960725201
ENSG00000215217,-1.64576962319823,-1.62736935407569,-1.67400431681109
ENSG00000154330,-1.82047768277209,-1.81786121237401,-1.84420463779052
ENSG00000047457,-1.77369194032097,-1.74475216061181,-1.8023773103095
ENSG00000105655,1.53860800819195,1.53864678019199,1.51395967144544
ENSG00000086205,2.4562539317888,2.45859191072407,2.43870872847182
ENSG00000183778,-2.68170597298259,-2.61775226119256,-2.71270815404055
ENSG00000122877,-2.21135660271703,-2.20960833911169,-2.23630900625709
ENSG00000214870,2.09205294015415,2.09388031732066,2.08027796888723
ENSG00000267530,-1.82222492087218,-1.80373880585732,-1.85176796252609
ENSG00000177133,-1.59343499781604,-1.58969134344618,-1.61666650771146
ENSG00000137699,3.14266777335458,3.13135092522961,3.1226788208558
ENSG00000138356,-4.48268928275795,-4.37177200461514,-4.5155098983282
ENSG00000141858,1.32332389329587,1.32328799462767,1.30038393548363
ENSG00000080224,-2.31264747848582,-2.30719835031008,-2.34431760587281
ENSG00000138100,2.66841134784939,2.66268190288067,2.64853980959261
ENSG00000144810,1.45064550159226,1.45064581736698,1.42691979640046
ENSG00000279602,-2.32320425950799,-2.32405306817006,-2.3532743316432
ENSG00000143512,-3.01603403054097,-2.92344190769592,-3.05647982512566
ENSG00000180447,-1.89047706408923,-1.88467614529287,-1.91578415674152
ENSG00000151952,3.15716125948588,3.14567944879773,3.14139954554909
ENSG00000266524,-4.45761445348443,-4.29983726401526,-4.49627175642972
ENSG00000058335,4.02684125878347,4.02147910441127,4.01484019313055
ENSG00000130226,-5.31801611545332,-5.21025072243631,-5.35000412665308
ENSG00000162073,1.59108918753569,1.59223357004852,1.56854433697291
ENSG00000198576,-1.95235074284673,-1.93144504312163,-1.97718113816709
ENSG00000163491,-1.50236149263802,-1.50863517690148,-1.5332334967931
ENSG00000072310,1.39509799487965,1.39510189943319,1.37117309870664
ENSG00000179133,1.70290248867465,1.70224692989945,1.6842590910956
ENSG00000135824,-5.46873714752245,-5.33534459645403,-5.5085537880308
ENSG00000168491,-1.52634345602463,-1.52839782834597,-1.55007059861974
ENSG00000110900,-1.66328758188978,-1.65619647947962,-1.68890973130828
ENSG00000184292,3.9397304610259,3.93965677013116,3.91085849003883
ENSG00000148795,-2.15829974818178,-2.15278857404905,-2.18500181648269
ENSG00000143867,-3.20843047342052,-3.16049744159687,-3.24310505323448
ENSG00000164674,-1.28372253765318,-1.28366843112242,-1.30727051569809
ENSG00000080493,-3.51088917434555,-3.49745763763486,-3.53606103075788
ENSG00000237125,-2.69648929199429,-2.56093137632064,-2.7500749212645
ENSG00000062038,4.05690701711392,4.05278610672981,4.03312743490272
ENSG00000237742,2.04008249946611,2.04059966082104,2.0234434214189
ENSG00000164855,2.72543516024173,2.72436297730187,2.70167483844362
ENSG00000129195,1.59763605274527,1.59644935110139,1.58336726840115
ENSG00000126218,-2.66632992705965,-2.65705238242139,-2.69367591367436
ENSG00000100490,-1.3824708459227,-1.3837144810402,-1.40840637869977
ENSG00000124766,1.72827508256006,1.7284810997238,1.7035526002487
ENSG00000184156,4.1752122605428,4.16254053276559,4.15122668888341
ENSG00000154479,-1.52054222324736,-1.52029419140199,-1.54683622145141
ENSG00000188385,-1.55805686486752,-1.54864477164827,-1.58824055532514
ENSG00000135547,2.03967689114032,2.0392756492959,2.01470517277301
ENSG00000168528,1.93475820736627,1.93471336742366,1.91112091071691
ENSG00000162496,1.77427805779791,1.77429983122944,1.74892094947645
ENSG00000198626,-4.29916105177773,-4.25821183138449,-4.32671696443395
ENSG00000153404,-2.71196858084983,-2.680300877244,-2.73765087963027
ENSG00000008277,-2.09820120313626,-2.09386303609738,-2.12420408608234
ENSG00000100302,2.75912204007187,2.75810697808284,2.73601989639477
ENSG00000174938,3.37202061604741,3.37546422470226,3.3483065267478
ENSG00000167900,1.9227485930993,1.91993625892878,1.90168050325117
ENSG00000227218,-1.48372613339907,-1.47694043916881,-1.5156907592406
ENSG00000158571,-1.7424585057081,-1.74908067649855,-1.77701924122061
ENSG00000065320,-1.76293187166718,-1.75773130584218,-1.78857689246362
ENSG00000172817,-1.74578446922664,-1.74654989227062,-1.77174119993996
ENSG00000176387,-1.90660830181049,-1.89862366356782,-1.93123535735041
ENSG00000124205,-3.33073746306257,-3.22800631510961,-3.35899640101714
ENSG00000225285,2.70029226409279,2.70437332796105,2.6891798565552
ENSG00000173894,1.42573900924612,1.42599938379791,1.40368668773098
ENSG00000145362,-3.08840420734898,-3.0743068643836,-3.11596828803468
ENSG00000270959,-1.40187913511516,-1.40917123698425,-1.42729343201976
ENSG00000129451,6.01796019317651,5.98092419631063,5.99735425812899
ENSG00000125869,2.61203171638263,2.63960228055299,2.59385285582336
ENSG00000120693,-1.76014051748234,-1.7587749475994,-1.78403495009756
ENSG00000255277,2.47790458204637,2.47763758192738,2.4631516786369
ENSG00000188833,2.26234460962515,2.25562892687032,2.24161750316056
ENSG00000175793,3.73540643604757,3.73298343203042,3.7124058768054
ENSG00000082482,-3.03934455005142,-3.01272579960199,-3.06456857811604
ENSG00000076555,-1.54608000591534,-1.54584522608197,-1.57005778423085
ENSG00000198829,-2.02663196506047,-2.01950968258537,-2.05300055606501
ENSG00000168477,-1.88346075131615,-1.88154077328392,-1.90741703321935
ENSG00000166035,-1.92419012602078,-1.89732046087524,-1.95652015714366
ENSG00000203727,-2.34964814592035,-2.34079871943195,-2.37722013075452
ENSG00000175318,-1.7324574858821,-1.72860345105293,-1.75563587089388
ENSG00000166426,-4.01360755827262,-3.97372127416663,-4.03828025922113
ENSG00000188783,-1.71998309333488,-1.71120934971273,-1.747001688199
ENSG00000132205,1.7466980829668,1.74687001005174,1.7229811121619
ENSG00000249487,-2.73827450355899,-2.64060243650181,-2.77190418309346
ENSG00000157765,5.10436351162583,5.10370426543218,5.0780213083363
ENSG00000150672,-3.49653082856523,-3.48378593671032,-3.52181785345401
ENSG00000006534,2.53764191839984,2.53695805122391,2.51221460515067
ENSG00000163171,1.52525757926513,1.52572540036174,1.50187049659621
ENSG00000102904,-1.54802761060868,-1.54973947326323,-1.57575078422574
ENSG00000138759,-1.47891650181384,-1.47846918549562,-1.5019762708506
ENSG00000151365,3.14478898341895,3.14211634012449,3.12446386214333
ENSG00000095383,1.91034593271209,1.91039573823585,1.88479682521267
ENSG00000105707,1.82542256633839,1.82520087737693,1.80033053006506
ENSG00000157766,1.93522543723943,1.94448151375651,1.91489781048532
ENSG00000177191,2.00269243057314,2.00281738012563,1.97852964249155
ENSG00000137077,-6.72840025961033,-6.52932279344249,-6.7615481614718
ENSG00000070985,-1.60554134612332,-1.58252998136917,-1.63694878600399
ENSG00000160191,1.66972680715833,1.6699520665545,1.64503489922595
ENSG00000255090,-1.943673381835,-1.92921519410184,-1.97534191005708
ENSG00000162552,-1.8589739972024,-1.83788700719019,-1.88656277744256
ENSG00000131080,1.42546576863008,1.42519003159196,1.401674769978
ENSG00000203485,1.49660203305875,1.49663063318835,1.47201614160542
ENSG00000165023,-3.0603048953237,-3.02925080579082,-3.08992560893437
ENSG00000102098,-1.42637849004279,-1.42747915157947,-1.45098755389638
ENSG00000225194,-2.09181312263426,-2.08797866400893,-2.11733113452385
ENSG00000167680,1.80773908797166,1.80601103059843,1.78519214895876
ENSG00000176092,1.98429479281876,1.99870454676185,1.96615912927282
ENSG00000166448,2.36979589847689,2.39804650174884,2.35322080036727
ENSG00000167011,-2.62784629528085,-2.53612661448149,-2.66364778609459
ENSG00000167103,1.61002011207156,1.60886566941868,1.58569296547252
ENSG00000184916,1.36375904310893,1.36364060957801,1.34132899529005
ENSG00000116991,1.32682253854495,1.32686488487583,1.30404099419199
ENSG00000273036,-2.6173283631573,-2.56666141428578,-2.64849171713227
ENSG00000116260,1.46007049395793,1.46015026269278,1.43694034563677
ENSG00000149451,-2.21825083599859,-2.21363606826537,-2.24366490344537
ENSG00000184809,-2.47838464049516,-2.35017954758955,-2.52399938533592
ENSG00000168907,-2.10789566104044,-2.10045200211062,-2.13232137373637
ENSG00000171612,-1.45076783907974,-1.45085242535162,-1.47487709469165
ENSG00000130294,-2.23196606729009,-2.18688641179744,-2.26077821716212
ENSG00000150628,-1.4742466307608,-1.48032074017888,-1.50253702061338
ENSG00000169946,-2.41962092806919,-2.41135805493703,-2.44547805516093
ENSG00000146555,2.14053782812716,2.14638649028661,2.1180086540587
ENSG00000162391,-1.6657668198845,-1.6751696077093,-1.69545967172294
ENSG00000147606,-3.32808177527647,-3.32707689990263,-3.35178370337569
ENSG00000197415,-1.37112121670511,-1.37410490330474,-1.39646157508694
ENSG00000133800,-3.36405309813116,-3.34868097315879,-3.38830516107597
ENSG00000270069,2.01431553909387,2.01008448698694,1.99117295363897
ENSG00000149948,6.15492697531504,6.1071968187498,6.14016848221796
ENSG00000197181,-1.53651061594755,-1.53032461307644,-1.56409257277002
ENSG00000135437,2.56033205779399,2.56148732843585,2.53804191364965
ENSG00000143196,-5.48491245772738,-5.3592390297342,-5.51841716708022
ENSG00000117707,-2.7626032198058,-2.75505580200923,-2.78743844055279
ENSG00000154065,-1.49964320829765,-1.49344946392574,-1.52756749069548
ENSG00000244242,1.86611227584727,1.8656542382243,1.84488914593848
ENSG00000119508,-2.01261619486876,-2.01097189637412,-2.03686007557481
ENSG00000100253,-2.35347486135974,-2.34626276720592,-2.37740611773773
ENSG00000256542,-3.13004745311181,-3.03468216903693,-3.17085143528981
ENSG00000112562,-2.99290382375078,-2.98985249817037,-3.01858076639921
ENSG00000116031,2.8655776826354,2.84036703096581,2.85632584229818
ENSG00000205364,-2.21150682555043,-2.19223627111878,-2.23624996084144
ENSG00000106633,-1.84279832233722,-1.77635542870767,-1.87936215933879
ENSG00000164920,-1.95460077886289,-1.91795970102657,-1.98963041448872
ENSG00000141744,2.68578495691803,2.68411080163493,2.6722326602135
ENSG00000166450,-1.76721062073833,-1.76628141086223,-1.79000532162328
ENSG00000154258,-3.16755884667179,-3.15254919914861,-3.19502988088237
ENSG00000134532,-1.78419724449657,-1.78178152177002,-1.81165691136452
ENSG00000113396,3.31146371021776,3.32190541485402,3.28820807391537
ENSG00000106541,3.69000226934292,3.68767148935869,3.66777782018644
ENSG00000189057,2.8790230794079,2.86348786524511,2.86324461602206
ENSG00000174607,-1.64876346423577,-1.64358990838162,-1.67445527440842
ENSG00000145757,1.79134405565083,1.7860095179042,1.77393258263603
ENSG00000162490,3.54757805553877,3.52353146957691,3.53631091130802
ENSG00000135925,2.96572469924379,2.99817035991809,2.95218940408977
ENSG00000185567,2.94675093033612,2.94731314189109,2.91961261219577
ENSG00000172139,-1.689351410832,-1.67692275989149,-1.71810011584467
ENSG00000133475,1.7936965593522,1.79083142989234,1.77284043932196
ENSG00000121742,-2.08900231409991,-2.07022946761379,-2.11516053907822
ENSG00000111863,2.08629695675987,2.08169019654855,2.06711415974935
ENSG00000166148,-3.21004137715301,-3.17651671994643,-3.23792962489278
ENSG00000237732,-3.14667298065971,-3.07962475953837,-3.18663867871804
ENSG00000159173,1.64001978778832,1.64055543691971,1.61746306126079
ENSG00000244968,-1.73107416127053,-1.73049004716203,-1.75547736072982
ENSG00000100196,1.47740689496323,1.47732336329203,1.45350456132414
ENSG00000224885,-1.76158495368762,-1.76054414911452,-1.79221394063774
ENSG00000214944,-1.69089642515997,-1.68858229339084,-1.71561381243948
ENSG00000179256,-1.59801272698833,-1.58209889708989,-1.62826062081133
ENSG00000234807,-1.50239556220949,-1.5049910892863,-1.52658831726668
ENSG00000270607,2.07204320455889,2.07947579999818,2.05080564622834
ENSG00000064205,-2.15379623711378,-2.09385644185744,-2.18567296642705
ENSG00000115414,4.95212081373067,4.95222105589621,4.92276762847947
ENSG00000170075,-1.88321980448637,-1.8821944192282,-1.91561782354025
ENSG00000137673,2.88288552052546,2.78262306367497,2.86974975872104
ENSG00000258926,-1.91770104067985,-1.88652456070497,-1.9503412957801
ENSG00000127083,-3.68681087450102,-3.5174961596938,-3.72583587804481
ENSG00000183317,3.80437350751198,3.79960152678448,3.78605470050777
ENSG00000106829,-1.67175864662135,-1.67013674150909,-1.6965507408853
ENSG00000166349,-2.30810360153337,-2.30213790995959,-2.33529988596487
ENSG00000124107,2.50016295630942,2.5050337045126,2.47388083830828
ENSG00000184374,-1.91340497800169,-1.90335669684222,-1.94282055624681
ENSG00000126500,-3.29892184153445,-3.24246923211979,-3.33050605031592
ENSG00000174502,-1.58796206651731,-1.58362797418916,-1.61209951476239
ENSG00000120708,1.68392290414434,1.6839543217964,1.65988794894726
ENSG00000136928,2.01541279043607,2.01746065103234,1.99407771752021
ENSG00000154319,-2.94400412936027,-2.93907241206066,-2.9671093374398
ENSG00000128918,-1.98557629713746,-1.94321139430819,-2.01713776841081
ENSG00000275395,-1.84845794290866,-1.84842561918327,-1.8725319943536
ENSG00000140092,-1.4677607996972,-1.46707360477183,-1.49208307356492
ENSG00000010932,-2.06658851765768,-2.02211039399243,-2.09998483254192
ENSG00000213985,-1.7856684666437,-1.78706051658659,-1.81102365051857
ENSG00000171631,1.69421691567911,1.69542042334903,1.67193111809361
ENSG00000205361,-1.65608277128359,-1.6267871418544,-1.68953424621011
ENSG00000115705,-4.72173867733979,-4.72055471329973,-4.74645282535144
ENSG00000153246,-3.57410089181114,-3.57025234145664,-3.59918201458459
ENSG00000035664,1.60701712440406,1.60701628930427,1.58204671018922
ENSG00000055813,-1.72600378209638,-1.71750014382789,-1.7515340551876
ENSG00000132821,2.51574697446568,2.51509990737671,2.49370211443992
ENSG00000165124,-2.90452803279648,-2.88162280832225,-2.93373347927291
ENSG00000151491,1.76206280189726,1.76214292881848,1.73813882838108
ENSG00000182326,-1.96030151336714,-1.95795913697224,-1.98755865672184
ENSG00000197557,-1.32412730691099,-1.32444365262164,-1.34735730292178
ENSG00000108950,2.77433233200886,2.77442768912639,2.74919778800985
ENSG00000160180,-6.23639525841434,-6.21815456458598,-6.26070221545443
ENSG00000134107,1.76712283792998,1.76707268084847,1.74314776892031
ENSG00000107295,-2.36524108220202,-2.29903750617533,-2.39913723112603
ENSG00000130595,-3.59388845127304,-3.49225445471973,-3.63941240831239
ENSG00000189320,-2.47830879019406,-2.41196550353477,-2.51592048673064
ENSG00000106511,-1.99011431671246,-1.98004613301543,-2.01712598290131
ENSG00000143369,2.32849984858543,2.33189772000244,2.30320517750115
ENSG00000174473,2.4838309694399,2.48129783731177,2.46862587572969
ENSG00000185090,1.70773891390349,1.70778829506104,1.68459204528455
ENSG00000042832,-1.9345881673659,-1.93462111032356,-1.9551574720558
ENSG00000130943,-1.37818741368231,-1.39361141072033,-1.41159195382102
ENSG00000154655,-1.41684372466749,-1.41630392492244,-1.44168142127021
ENSG00000234546,1.90627708640106,1.90829967392561,1.88689278044067
ENSG00000026652,-1.98247248866121,-1.98228962477841,-2.00631675269689
ENSG00000179593,3.20176861837291,3.18999909781917,3.17641389951261
ENSG00000108846,2.76702316520912,2.76586257222378,2.74306357647998
ENSG00000136895,-1.31298256954279,-1.31409871296261,-1.33616725400868
ENSG00000105675,-1.95919559817205,-1.85158979477131,-1.99996408629191
ENSG00000237424,1.55649639004641,1.55723877960632,1.53698559751628
ENSG00000231768,-2.70883132373809,-2.6756182411427,-2.74731971834957
ENSG00000250305,-1.57459110935689,-1.57430704970365,-1.59695086706988
ENSG00000111907,1.76728764323959,1.76725845929095,1.74327369133205
ENSG00000133392,-1.8900921131108,-1.88712247225857,-1.91288673790503
ENSG00000251661,-1.71664754126969,-1.68196839355398,-1.75521011013882
ENSG00000162722,-2.00626411248309,-1.99722832794194,-2.0309102060039
ENSG00000102271,-2.75176335227136,-2.72141572169237,-2.78214275315445
ENSG00000006625,2.13708502345304,2.13726782648239,2.11351785758124
ENSG00000109586,2.07475699222147,2.07484295969203,2.05131647233269
ENSG00000118997,-1.55115531825787,-1.55145521491765,-1.57469804110137
ENSG00000276715,2.63633864837094,2.62990978949489,2.63005352586284
ENSG00000116132,-1.65234936833261,-1.64844287714615,-1.67801936529916
ENSG00000166960,-1.82655413732367,-1.78256912361406,-1.85884645623602
ENSG00000125740,-2.89748227912002,-2.89700008360343,-2.92399129956645
ENSG00000156414,-2.90056408734855,-2.87482441951354,-2.9264442103374
ENSG00000126368,2.51573128806256,2.51451243694196,2.49279286661615
ENSG00000109182,-4.15086715234532,-4.07288452580883,-4.17983134048755
ENSG00000127152,-1.50388610067273,-1.5011839278307,-1.52983756191941
ENSG00000136542,2.3519608605605,2.34474356979314,2.33608279510876
ENSG00000181408,-1.93127222499898,-1.87358612277657,-1.96275063921012
ENSG00000198535,3.54242536344245,3.59669732397581,3.53802437079523
ENSG00000106789,1.86418793255429,1.86439740874441,1.84029039595688
ENSG00000115474,-3.48055430839624,-3.35480824629491,-3.51537242237143
ENSG00000188290,1.75589575739585,1.75521482718275,1.73389081395137
ENSG00000108379,1.65640263476704,1.65574046124328,1.63192517912702
ENSG00000133116,1.42907548673315,1.42893874648898,1.40733965472284
ENSG00000206077,-1.72215526363358,-1.71865488445232,-1.74618641438942
ENSG00000214145,2.00397211327157,2.02332688497034,1.98629584182488
ENSG00000135740,2.01434424281179,2.01434270544895,1.99219587587848
ENSG00000176907,2.32230933929419,2.32380336149332,2.29737517294301
ENSG00000267272,-1.63956631691451,-1.63201745444416,-1.67062675994076
ENSG00000185332,1.97542197945929,1.97211111820628,1.9567720761809
ENSG00000142871,-1.79566848250291,-1.79567573529983,-1.82069705839166
ENSG00000175785,-2.93205911714471,-2.83085669025858,-2.97032026457295
ENSG00000106100,2.46992663424917,2.47017166465,2.44537382335752
ENSG00000197594,-1.8155191700548,-1.81428688684619,-1.83832916426213
ENSG00000163071,1.67867661383081,1.67896629461241,1.65604213079123
ENSG00000184574,3.46971313697271,3.46367603528518,3.44595575995422
ENSG00000090339,2.15354490781539,2.15295296482962,2.12890824098795
ENSG00000157680,-3.35832681074951,-3.34839455583898,-3.38332938960398
ENSG00000267199,2.32018187210429,2.32728995410102,2.30626595581365
ENSG00000196260,2.00359042621297,2.01446892999639,1.98824297627091
ENSG00000114698,-1.61657738747792,-1.61640825764902,-1.63953920704845
ENSG00000225968,1.88709904887272,1.88655044982293,1.8678101415964
ENSG00000105270,1.66428270847531,1.66517257048518,1.64075219174717
ENSG00000236404,-2.01439314285367,-1.99391228185043,-2.04163861449091
ENSG00000187513,1.7355716024254,1.73567497497228,1.71252678310751
ENSG00000159842,1.49554970614292,1.49556080838119,1.4724203741816
ENSG00000162062,1.35003326164602,1.35041603356971,1.33006770565938
ENSG00000204381,-2.01209878587507,-2.01079571883625,-2.0362705653842
ENSG00000116983,3.96443892160366,3.97134675735022,3.94713256970592
ENSG00000145703,-1.88913227057632,-1.88518408278195,-1.91346133973188
ENSG00000132470,1.65282047991983,1.65333378807342,1.62938427302875
ENSG00000279187,-1.85566954899977,-1.84907700696959,-1.88412576179265
ENSG00000134574,1.45205876213839,1.45205713680806,1.42949803864245
ENSG00000171094,2.65920988287865,2.66240303518132,2.64181232682204
ENSG00000145721,-2.06268164828377,-2.02986213845717,-2.08578991448011
ENSG00000204103,-1.86646485519073,-1.86609176901339,-1.88989348759903
ENSG00000171889,2.36108185833697,2.35837715945591,2.3452049045863
ENSG00000105131,1.95947658725651,1.97155288568218,1.94239659370643
ENSG00000167748,-2.41716474331291,-2.25404613243111,-2.45519992301542
ENSG00000280237,-1.62663826293819,-1.62579719986048,-1.65036094515683
ENSG00000271367,-3.20289387057001,-3.16796618226543,-3.24552945220602
ENSG00000134042,-4.60444557037994,-4.46769151543256,-4.64023800067706
ENSG00000105696,2.27194714316333,2.2912787649489,2.25239310654426
