,Data,N,Out,DEA,Enrichment,Library,Ranking,FDR,median_mcc,median_mcc0,median_prec,median_prec0,median_rec,median_rep,median_terms,id
0,BASHER,3,None,DESeq2,gseapy,GO_Biological_Process,logFC,0.05,0.08665571492818844,0.08156056400954118,0.058333333333333334,0.05714285714285714,0.10526315789473684,0.022347066167290888,31.0,0
1,BASHER,3,None,DESeq2,gseapy,KEGG,logFC,0.05,0.1183304432177668,0.1163160597198977,0.1,0.1,0.2222222222222222,0.05263157894736842,17.5,0
2,BASHER,5,None,DESeq2,gseapy,GO_Biological_Process,logFC,0.05,0.1606566567034364,0.160508404230223,0.11602564102564103,0.11324786324786325,0.21052631578947367,0.031914893617021274,31.0,1
3,BASHER,5,None,DESeq2,gseapy,KEGG,logFC,0.05,0.19262313799912184,0.19018888063707945,0.15789473684210525,0.1539473684210526,0.3333333333333333,0.07692307692307693,18.5,1
4,BASHER,7,None,DESeq2,gseapy,GO_Biological_Process,logFC,0.05,0.19459147023021656,0.19123199020814471,0.15789473684210525,0.15707236842105263,0.21052631578947367,0.04081632653061224,20.0,2
5,BASHER,7,None,DESeq2,gseapy,KEGG,logFC,0.05,0.23881843941479572,0.23275228332636472,0.2,0.1875,0.3333333333333333,0.08333333333333333,14.0,2
6,BASHER,9,None,DESeq2,gseapy,GO_Biological_Process,logFC,0.05,0.23694241630832077,0.23093375842525948,0.21370023419203746,0.21052631578947367,0.23684210526315788,0.045454545454545456,19.0,3
7,BASHER,9,None,DESeq2,gseapy,KEGG,logFC,0.05,0.30631760015695675,0.3003392683014479,0.2376470588235294,0.2330316742081448,0.3333333333333333,0.09090909090909091,11.5,3
8,BASHER,10,None,DESeq2,gseapy,GO_Biological_Process,logFC,0.05,0.2565169664812656,0.2565169664812656,0.24,0.24,0.2631578947368421,0.05555555555555555,17.5,4
9,BASHER,10,None,DESeq2,gseapy,KEGG,logFC,0.05,0.3201947376187161,0.31949258379540946,0.27636363636363637,0.265993265993266,0.3333333333333333,0.1,12.0,4
10,BASHER,12,None,DESeq2,gseapy,GO_Biological_Process,logFC,0.05,0.2593977859661477,0.2582104310199351,0.2608695652173913,0.25357142857142856,0.3157894736842105,0.06666666666666667,20.0,5
11,BASHER,12,None,DESeq2,gseapy,KEGG,logFC,0.05,0.3201947376187161,0.3191482092318145,0.3333333333333333,0.3333333333333333,0.38888888888888884,0.12244897959183673,10.5,5
12,BASHER,15,None,DESeq2,gseapy,GO_Biological_Process,logFC,0.05,0.2894602419584993,0.28689263666593345,0.2857142857142857,0.2857142857142857,0.3157894736842105,0.08,17.0,6
13,BASHER,15,None,DESeq2,gseapy,KEGG,logFC,0.05,0.3346244335283052,0.3346244335283052,0.3333333333333333,0.31009615384615385,0.4444444444444444,0.13513513513513514,10.5,6
14,BASLUMA,3,None,DESeq2,gseapy,GO_Biological_Process,logFC,0.05,0.4177869870019032,0.4177869870019032,0.435340022296544,0.435340022296544,0.40410958904109584,0.12299465240641712,72.5,7
15,BASLUMA,3,None,DESeq2,gseapy,KEGG,logFC,0.05,0.295218817485655,0.295218817485655,0.3,0.3,0.36363636363636365,0.11627906976744186,26.0,7
16,BASLUMA,5,None,DESeq2,gseapy,GO_Biological_Process,logFC,0.05,0.5300103155909283,0.5300103155909283,0.5550828481862964,0.5550828481862964,0.5616438356164384,0.216,70.5,8
17,BASLUMA,5,None,DESeq2,gseapy,KEGG,logFC,0.05,0.3582746124282664,0.3582746124282664,0.42857142857142855,0.42857142857142855,0.45454545454545453,0.15151515151515152,22.5,8
18,BASLUMA,7,None,DESeq2,gseapy,GO_Biological_Process,logFC,0.05,0.579525662998176,0.579525662998176,0.5746434937611409,0.5746434937611409,0.595890410958904,0.27380952380952384,74.5,9
19,BASLUMA,7,None,DESeq2,gseapy,KEGG,logFC,0.05,0.4093985950831355,0.4093985950831355,0.4379487179487179,0.4379487179487179,0.5,0.2,24.5,9
20,BASLUMA,9,None,DESeq2,gseapy,GO_Biological_Process,logFC,0.05,0.5945221381528607,0.5945221381528607,0.6354166666666667,0.6354166666666667,0.6438356164383562,0.325,78.0,10
21,BASLUMA,9,None,DESeq2,gseapy,KEGG,logFC,0.05,0.4234394483214106,0.4234394483214106,0.4630630630630631,0.4630630630630631,0.5227272727272727,0.21702898550724636,23.5,10
22,BASLUMA,10,None,DESeq2,gseapy,GO_Biological_Process,logFC,0.05,0.6172518372773945,0.6172518372773945,0.6324561403508772,0.6324561403508772,0.678082191780822,0.34272486772486777,78.0,11
23,BASLUMA,10,None,DESeq2,gseapy,KEGG,logFC,0.05,0.4495057483963504,0.4495057483963504,0.5,0.5,0.5454545454545454,0.23809523809523808,25.0,11
24,BASLUMA,12,None,DESeq2,gseapy,GO_Biological_Process,logFC,0.05,0.643985077337045,0.643985077337045,0.6331582137805618,0.6331582137805618,0.6986301369863014,0.366918191194832,81.5,12
25,BASLUMA,12,None,DESeq2,gseapy,KEGG,logFC,0.05,0.4592821281369539,0.4592821281369539,0.5,0.5,0.5454545454545454,0.24324324324324326,25.0,12
26,BASLUMA,15,None,DESeq2,gseapy,GO_Biological_Process,logFC,0.05,0.6740021261734932,0.6740021261734932,0.6688596491228069,0.6688596491228069,0.7191780821917808,0.4106280193236715,78.0,13
27,BASLUMA,15,None,DESeq2,gseapy,KEGG,logFC,0.05,0.5082725367908831,0.5082725367908831,0.5,0.5,0.6363636363636364,0.2926829268292683,29.0,13
28,BASLUMB,3,None,DESeq2,gseapy,GO_Biological_Process,logFC,0.05,0.20155247398006437,0.20155247398006437,0.12081081081081081,0.12081081081081081,0.34615384615384615,0.05454545454545454,26.0,14
29,BASLUMB,3,None,DESeq2,gseapy,KEGG,logFC,0.05,0.1467614463207057,0.13691152881139057,0.07417582417582418,0.06633771929824561,0.2,0.041666666666666664,16.0,14
30,BASLUMB,5,None,DESeq2,gseapy,GO_Biological_Process,logFC,0.05,0.33565473271375973,0.33565473271375973,0.25,0.25,0.5384615384615384,0.1042572463768116,24.5,15
31,BASLUMB,5,None,DESeq2,gseapy,KEGG,logFC,0.05,0.19735524568952842,0.1863481228668942,0.12121212121212122,0.11324786324786325,0.4,0.06818181818181818,10.0,15
32,BASLUMB,7,None,DESeq2,gseapy,GO_Biological_Process,logFC,0.05,0.4139007836287946,0.4139007836287946,0.3114224137931034,0.3114224137931034,0.6153846153846154,0.16,26.0,16
33,BASLUMB,7,None,DESeq2,gseapy,KEGG,logFC,0.05,0.2373577520409653,0.21956529427521465,0.11764705882352941,0.1145104895104895,0.4,0.10380747126436782,14.0,16
34,BASLUMB,9,None,DESeq2,gseapy,GO_Biological_Process,logFC,0.05,0.46690373296213883,0.46690373296213883,0.38165266106442575,0.38165266106442575,0.6153846153846154,0.1875,22.5,17
35,BASLUMB,9,None,DESeq2,gseapy,KEGG,logFC,0.05,0.25499533544780983,0.25321271450652294,0.2,0.2,0.4,0.1,8.0,17
36,BASLUMB,10,None,DESeq2,gseapy,GO_Biological_Process,logFC,0.05,0.4984417104954094,0.4984417104954094,0.3726851851851852,0.3726851851851852,0.6923076923076923,0.2,23.5,18
37,BASLUMB,10,None,DESeq2,gseapy,KEGG,logFC,0.05,0.2987354469959414,0.2987354469959414,0.1846590909090909,0.1846590909090909,0.4,0.1,10.5,18
38,BASLUMB,12,None,DESeq2,gseapy,GO_Biological_Process,logFC,0.05,0.5177117107789362,0.5177117107789362,0.4037037037037037,0.4037037037037037,0.6923076923076923,0.23529411764705882,24.0,19
39,BASLUMB,12,None,DESeq2,gseapy,KEGG,logFC,0.05,0.30575428102973,0.3015865622227848,0.2,0.17914438502673796,0.4,0.1,10.0,19
40,BASLUMB,15,None,DESeq2,gseapy,GO_Biological_Process,logFC,0.05,0.575434305679452,0.575434305679452,0.4373913043478261,0.4373913043478261,0.7692307692307693,0.28097587719298245,23.5,20
41,BASLUMB,15,None,DESeq2,gseapy,KEGG,logFC,0.05,0.3036704216262574,0.2942568824617424,0.18898809523809523,0.1846590909090909,0.6,0.10344827586206896,9.5,20
42,BRCA,3,None,DESeq2,gseapy,GO_Biological_Process,logFC,0.05,0.5091079353181931,0.5091079353181931,0.6254770992366412,0.6254770992366412,0.4806034482758621,0.26396727307122364,190.5,21
43,BRCA,3,None,DESeq2,gseapy,KEGG,logFC,0.05,0.5182636859724457,0.5182636859724457,0.6875,0.6875,0.5714285714285714,0.3114754098360656,58.0,21
44,BRCA,5,None,DESeq2,gseapy,GO_Biological_Process,logFC,0.05,0.5819709375239358,0.5819709375239358,0.673002673002673,0.673002673002673,0.5603448275862069,0.3333333333333333,195.0,22
45,BRCA,5,None,DESeq2,gseapy,KEGG,logFC,0.05,0.6012916580622939,0.6012916580622939,0.7353846153846153,0.7353846153846153,0.6857142857142857,0.3880597014925373,68.0,22
46,BRCA,7,None,DESeq2,gseapy,GO_Biological_Process,logFC,0.05,0.6239064715425442,0.6239064715425442,0.7225601604278075,0.7225601604278075,0.6012931034482758,0.37915775499668114,202.5,23
47,BRCA,7,None,DESeq2,gseapy,KEGG,logFC,0.05,0.6739161144640854,0.6739161144640854,0.7835585585585585,0.7835585585585585,0.7142857142857143,0.4588235294117647,66.0,23
48,BRCA,9,None,DESeq2,gseapy,GO_Biological_Process,logFC,0.05,0.6646170973652258,0.6646170973652258,0.7517123287671232,0.7517123287671232,0.6573275862068966,0.4212328767123288,209.0,24
49,BRCA,9,None,DESeq2,gseapy,KEGG,logFC,0.05,0.7217438761472744,0.7217438761472744,0.8155870445344129,0.8155870445344129,0.7642857142857142,0.5144244105409154,65.0,24
50,BRCA,10,None,DESeq2,gseapy,GO_Biological_Process,logFC,0.05,0.6859907828201234,0.6859907828201234,0.7580085696796572,0.7580085696796572,0.6788793103448276,0.44262609502399686,211.0,25
51,BRCA,10,None,DESeq2,gseapy,KEGG,logFC,0.05,0.7283468526441019,0.7283468526441019,0.8243338008415148,0.8243338008415148,0.7714285714285715,0.5333333333333333,64.5,25
52,BRCA,12,None,DESeq2,gseapy,GO_Biological_Process,logFC,0.05,0.7054277278391119,0.7054277278391119,0.7797088833103896,0.7797088833103896,0.7047413793103448,0.468221369813413,206.5,26
53,BRCA,12,None,DESeq2,gseapy,KEGG,logFC,0.05,0.7605337428836483,0.7605337428836483,0.8503332099222509,0.8503332099222509,0.7857142857142857,0.5657894736842105,64.5,26
54,BRCA,15,None,DESeq2,gseapy,GO_Biological_Process,logFC,0.05,0.7438864442726734,0.7438864442726734,0.7991225822979378,0.7991225822979378,0.7435344827586208,0.5173510757867694,211.5,27
55,BRCA,15,None,DESeq2,gseapy,KEGG,logFC,0.05,0.7952320191410325,0.7952320191410325,0.8591549295774648,0.8591549295774648,0.8357142857142857,0.6086956521739131,69.0,27
56,COAD,3,None,DESeq2,gseapy,GO_Biological_Process,logFC,0.05,0.5556328241044368,0.5556328241044368,0.5360860860860861,0.5360860860860861,0.594488188976378,0.2764101398777963,129.0,28
57,COAD,3,None,DESeq2,gseapy,KEGG,logFC,0.05,0.703566393622127,0.703566393622127,0.7874509803921568,0.7874509803921568,0.7837837837837838,0.5,72.5,28
58,COAD,5,None,DESeq2,gseapy,GO_Biological_Process,logFC,0.05,0.6184832477395372,0.6184832477395372,0.6233321473047501,0.6233321473047501,0.6929133858267716,0.3429614181438999,146.0,29
59,COAD,5,None,DESeq2,gseapy,KEGG,logFC,0.05,0.7592638310127421,0.7592638310127421,0.8256781193490055,0.8256781193490055,0.8378378378378378,0.5833333333333334,76.0,29
60,COAD,7,None,DESeq2,gseapy,GO_Biological_Process,logFC,0.05,0.6637448848516756,0.6637448848516756,0.6537830534645821,0.6537830534645821,0.7637795275590551,0.4072714163640248,141.5,30
61,COAD,7,None,DESeq2,gseapy,KEGG,logFC,0.05,0.8110656863074999,0.8110656863074999,0.8436465495289025,0.8436465495289025,0.8918918918918919,0.651685393258427,77.0,30
62,COAD,9,None,DESeq2,gseapy,GO_Biological_Process,logFC,0.05,0.6926802562373476,0.6926802562373476,0.6647286821705426,0.6647286821705426,0.7952755905511811,0.4588744588744589,145.0,31
63,COAD,9,None,DESeq2,gseapy,KEGG,logFC,0.05,0.8403189120061898,0.8403189120061898,0.868421052631579,0.868421052631579,0.9054054054054054,0.7010309278350515,78.0,31
64,COAD,10,None,DESeq2,gseapy,GO_Biological_Process,logFC,0.05,0.7074228231855078,0.7074228231855078,0.6886727407042601,0.6886727407042601,0.8031496062992126,0.4681818181818182,150.0,32
65,COAD,10,None,DESeq2,gseapy,KEGG,logFC,0.05,0.8535864802520174,0.8535864802520174,0.8807894736842106,0.8807894736842106,0.918918918918919,0.7209302325581395,76.5,32
66,COAD,12,None,DESeq2,gseapy,GO_Biological_Process,logFC,0.05,0.7304973900939982,0.7304973900939982,0.7080136402387043,0.7080136402387043,0.8307086614173228,0.49537037037037035,143.5,33
67,COAD,12,None,DESeq2,gseapy,KEGG,logFC,0.05,0.8746984628308194,0.8746984628308194,0.8979933110367893,0.8979933110367893,0.9324324324324325,0.7586206896551724,76.0,33
68,COAD,15,None,DESeq2,gseapy,GO_Biological_Process,logFC,0.05,0.7677611638340098,0.7677611638340098,0.7296230259806418,0.7296230259806418,0.8503937007874016,0.5393939393939394,144.0,34
69,COAD,15,None,DESeq2,gseapy,KEGG,logFC,0.05,0.883541083321517,0.883541083321517,0.8980850373255437,0.8980850373255437,0.9324324324324325,0.7777777777777778,78.0,34
70,FMPL,3,None,DESeq2,gseapy,GO_Biological_Process,logFC,0.05,,0.0,0.0,0.0,,0.0,3.5,35
71,FMPL,3,None,DESeq2,gseapy,KEGG,logFC,0.05,,0.0,0.0,0.0,,0.0,4.5,35
72,FMPL,5,None,DESeq2,gseapy,GO_Biological_Process,logFC,0.05,,0.0,0.0,0.0,,0.0,2.0,36
73,FMPL,5,None,DESeq2,gseapy,KEGG,logFC,0.05,,0.0,0.0,0.0,,0.0,4.0,36
74,FMPL,7,None,DESeq2,gseapy,GO_Biological_Process,logFC,0.05,,0.0,0.0,0.0,,0.0,1.0,37
75,FMPL,7,None,DESeq2,gseapy,KEGG,logFC,0.05,,0.0,0.0,0.0,,0.0,1.0,37
76,FMPL,9,None,DESeq2,gseapy,GO_Biological_Process,logFC,0.05,,0.0,0.0,0.0,,0.0,1.0,38
77,FMPL,9,None,DESeq2,gseapy,KEGG,logFC,0.05,,0.0,0.0,0.0,,0.0,1.5,38
78,FMPL,10,None,DESeq2,gseapy,GO_Biological_Process,logFC,0.05,,0.0,0.0,0.0,,0.0,0.5,39
79,FMPL,10,None,DESeq2,gseapy,KEGG,logFC,0.05,,0.0,0.0,0.0,,0.0,1.0,39
80,FMPL,12,None,DESeq2,gseapy,GO_Biological_Process,logFC,0.05,,0.0,0.0,0.0,,0.0,1.0,40
81,FMPL,12,None,DESeq2,gseapy,KEGG,logFC,0.05,,0.0,0.0,0.0,,0.0,1.0,40
82,FMPL,15,None,DESeq2,gseapy,GO_Biological_Process,logFC,0.05,,0.0,0.0,0.0,,0.0,0.0,41
83,FMPL,15,None,DESeq2,gseapy,KEGG,logFC,0.05,,0.0,0.0,0.0,,0.0,0.0,41
84,GIPF,3,None,DESeq2,gseapy,GO_Biological_Process,logFC,0.05,0.2637791383580596,0.25745033061211176,0.25677655677655675,0.25,0.3333333333333333,0.031496062992125984,13.0,42
85,GIPF,3,None,DESeq2,gseapy,KEGG,logFC,0.05,0.09269648206522543,0.08372875739378163,0.0732142857142857,0.06451612903225806,0.125,0.0,8.0,42
86,GIPF,5,None,DESeq2,gseapy,GO_Biological_Process,logFC,0.05,0.3305494925541307,0.313668030571841,0.4226190476190476,0.3514705882352941,0.26666666666666666,0.04285714285714286,8.0,43
87,GIPF,5,None,DESeq2,gseapy,KEGG,logFC,0.05,0.1587884615713046,0.10076785832013804,0.13762626262626262,0.10101010101010101,0.125,0.0,5.5,43
88,GIPF,7,None,DESeq2,gseapy,GO_Biological_Process,logFC,0.05,0.3962562396006656,0.3867499909539883,0.5555555555555556,0.5454545454545454,0.3333333333333333,0.10487038491751767,9.0,44
89,GIPF,7,None,DESeq2,gseapy,KEGG,logFC,0.05,0.23537076168998392,0.1915640636560458,0.2928571428571428,0.2111111111111111,0.125,0.0,3.0,44
90,GIPF,9,None,DESeq2,gseapy,GO_Biological_Process,logFC,0.05,0.4105093771777861,0.39207231591447,0.5555555555555556,0.5,0.3333333333333333,0.13333333333333333,11.0,45
91,GIPF,9,None,DESeq2,gseapy,KEGG,logFC,0.05,0.2408757515678873,0.1915640636560458,0.25,0.18181818181818182,0.125,0.0,4.0,45
92,GIPF,10,None,DESeq2,gseapy,GO_Biological_Process,logFC,0.05,0.4602035595015608,0.4571348208499436,0.6363636363636364,0.6306818181818181,0.4,0.15384615384615385,9.5,46
93,GIPF,10,None,DESeq2,gseapy,KEGG,logFC,0.05,0.29505443997643677,0.2408757515678873,0.4,0.25,0.125,0.0,4.0,46
94,GIPF,12,None,DESeq2,gseapy,GO_Biological_Process,logFC,0.05,0.4983921745459642,0.4983921745459642,0.5714285714285714,0.5714285714285714,0.4,0.21428571428571427,12.0,47
95,GIPF,12,None,DESeq2,gseapy,KEGG,logFC,0.05,0.30257461620234144,0.27226368979084137,0.38181818181818183,0.3333333333333333,0.125,0.03225806451612903,3.5,47
96,GIPF,15,None,DESeq2,gseapy,GO_Biological_Process,logFC,0.05,0.5254059867468887,0.5254059867468887,0.6,0.5954545454545455,0.4666666666666667,0.2692307692307692,12.0,48
97,GIPF,15,None,DESeq2,gseapy,KEGG,logFC,0.05,0.3494726706639356,0.3494726706639356,0.42857142857142855,0.39230769230769236,0.25,0.08333333333333333,5.0,48
98,HERLUMA,3,None,DESeq2,gseapy,GO_Biological_Process,logFC,0.05,0.2590528994729417,0.2590528994729417,0.30604512558535546,0.30604512558535546,0.20833333333333331,0.06159420289855073,69.5,49
99,HERLUMA,3,None,DESeq2,gseapy,KEGG,logFC,0.05,0.16608912445949786,0.16483705864928916,0.40900735294117646,0.3915307971014493,0.21428571428571427,0.10526315789473684,31.0,49
100,HERLUMA,5,None,DESeq2,gseapy,GO_Biological_Process,logFC,0.05,0.43283312905986837,0.4257405588732909,0.5608326773375316,0.552006552006552,0.3657407407407407,0.14634146341463414,73.0,50
101,HERLUMA,5,None,DESeq2,gseapy,KEGG,logFC,0.05,0.29798737808019254,0.29635745976821326,0.5932203389830508,0.5907278165503489,0.26785714285714285,0.13636363636363635,25.5,50
102,HERLUMA,7,None,DESeq2,gseapy,GO_Biological_Process,logFC,0.05,0.48398809704191825,0.48398809704191825,0.575187969924812,0.575187969924812,0.5,0.19607843137254902,88.5,51
103,HERLUMA,7,None,DESeq2,gseapy,KEGG,logFC,0.05,0.3725397357960611,0.3725397357960611,0.5703296703296703,0.5703296703296703,0.3392857142857143,0.1780821917808219,36.0,51
104,HERLUMA,9,None,DESeq2,gseapy,GO_Biological_Process,logFC,0.05,0.5411676553360055,0.5411676553360055,0.5934512641829714,0.5934512641829714,0.5185185185185185,0.2599559471365639,91.0,52
105,HERLUMA,9,None,DESeq2,gseapy,KEGG,logFC,0.05,0.4780531430106532,0.4780531430106532,0.6853535353535354,0.6853535353535354,0.44642857142857145,0.24770642201834864,36.0,52
106,HERLUMA,10,None,DESeq2,gseapy,GO_Biological_Process,logFC,0.05,0.5369625325790801,0.5369625325790801,0.6378193374893044,0.6378193374893044,0.5231481481481481,0.2375,90.5,53
107,HERLUMA,10,None,DESeq2,gseapy,KEGG,logFC,0.05,0.4677437465549927,0.4677437465549927,0.6825307950727884,0.6825307950727884,0.4732142857142857,0.25,38.5,53
108,HERLUMA,12,None,DESeq2,gseapy,GO_Biological_Process,logFC,0.05,0.5720759503589596,0.5720759503589596,0.6343378607809846,0.6343378607809846,0.5648148148148148,0.29194813437910866,101.0,54
109,HERLUMA,12,None,DESeq2,gseapy,KEGG,logFC,0.05,0.4923800098951566,0.4923800098951566,0.6917663617171006,0.6917663617171006,0.5,0.28125,41.5,54
110,HERLUMA,15,None,DESeq2,gseapy,GO_Biological_Process,logFC,0.05,0.6085587153252918,0.6085587153252918,0.6500290432329268,0.6500290432329268,0.6342592592592593,0.34304447462230525,106.0,55
111,HERLUMA,15,None,DESeq2,gseapy,KEGG,logFC,0.05,0.5878671368290187,0.5878671368290187,0.7520491803278688,0.7520491803278688,0.5803571428571428,0.3392857142857143,43.0,55
112,HERLUMB,3,None,DESeq2,gseapy,GO_Biological_Process,logFC,0.05,0.08755756717710346,0.08714564637086336,0.047619047619047616,0.045548654244306416,0.18181818181818182,0.031746031746031744,32.0,56
113,HERLUMB,3,None,DESeq2,gseapy,KEGG,logFC,0.05,0.22169512064352603,0.2101308210915556,0.21052631578947367,0.20526315789473684,0.3076923076923077,0.05263157894736842,16.0,56
114,HERLUMB,5,None,DESeq2,gseapy,GO_Biological_Process,logFC,0.05,0.15682156271266656,0.14923384144024265,0.07777777777777778,0.07692307692307693,0.18181818181818182,0.037037037037037035,27.0,57
115,HERLUMB,5,None,DESeq2,gseapy,KEGG,logFC,0.05,0.2334046649162621,0.2279195624951584,0.2222222222222222,0.2208672086720867,0.23076923076923078,0.03773584905660377,12.0,57
116,HERLUMB,7,None,DESeq2,gseapy,GO_Biological_Process,logFC,0.05,0.21182388064628874,0.2112297327067456,0.1455026455026455,0.13859275053304904,0.2727272727272727,0.04081632653061224,19.0,58
117,HERLUMB,7,None,DESeq2,gseapy,KEGG,logFC,0.05,0.2606160347038871,0.23278052402705146,0.2857142857142857,0.27097902097902093,0.19230769230769232,0.03306010928961749,8.0,58
118,HERLUMB,9,None,DESeq2,gseapy,GO_Biological_Process,logFC,0.05,0.17806035300816095,0.17806035300816095,0.16666666666666666,0.15476190476190477,0.22727272727272727,0.0425531914893617,19.0,59
119,HERLUMB,9,None,DESeq2,gseapy,KEGG,logFC,0.05,0.2716892964676264,0.270573000081057,0.2727272727272727,0.26099290780141843,0.23076923076923078,0.030303030303030304,11.0,59
120,HERLUMB,10,None,DESeq2,gseapy,GO_Biological_Process,logFC,0.05,0.2224310631258705,0.22235678092331682,0.20689655172413793,0.20689655172413793,0.2727272727272727,0.06,16.0,60
121,HERLUMB,10,None,DESeq2,gseapy,KEGG,logFC,0.05,0.2457111259327791,0.22169512064352603,0.34523809523809523,0.3333333333333333,0.15384615384615385,0.0,7.0,60
122,HERLUMB,12,None,DESeq2,gseapy,GO_Biological_Process,logFC,0.05,0.26103817409271934,0.2366592354673839,0.18181818181818182,0.17131327953044756,0.3181818181818182,0.06507622811970637,22.0,61
123,HERLUMB,12,None,DESeq2,gseapy,KEGG,logFC,0.05,0.32027939663422,0.29995013301642015,0.3333333333333333,0.3333333333333333,0.3076923076923077,0.05405405405405406,10.0,61
124,HERLUMB,15,None,DESeq2,gseapy,GO_Biological_Process,logFC,0.05,0.3075680057030572,0.3075680057030572,0.23205128205128206,0.23205128205128206,0.45454545454545453,0.08247520075578649,17.0,62
125,HERLUMB,15,None,DESeq2,gseapy,KEGG,logFC,0.05,0.3067214093623178,0.2716892964676264,0.47058823529411764,0.44288793103448276,0.23076923076923078,0.043478260869565216,6.0,62
126,HSPL,3,None,DESeq2,gseapy,GO_Biological_Process,logFC,0.05,0.6637281284936394,0.6637281284936394,0.8609787459344982,0.8609787459344982,0.6290322580645161,0.38686131386861317,115.0,63
127,HSPL,3,None,DESeq2,gseapy,KEGG,logFC,0.05,0.6615217125569284,0.6615217125569284,0.8572439162422185,0.8572439162422185,0.6971830985915493,0.4393939393939394,56.0,63
128,HSPL,5,None,DESeq2,gseapy,GO_Biological_Process,logFC,0.05,0.746110387170767,0.746110387170767,0.8529300157207134,0.8529300157207134,0.7612903225806451,0.5066152230358549,140.0,64
129,HSPL,5,None,DESeq2,gseapy,KEGG,logFC,0.05,0.7624035045075259,0.7624035045075259,0.8906600249066002,0.8906600249066002,0.7887323943661971,0.5736499517839923,61.0,64
130,HSPL,7,None,DESeq2,gseapy,GO_Biological_Process,logFC,0.05,0.7707860491854663,0.7707860491854663,0.8397435897435898,0.8397435897435898,0.7967741935483872,0.5407944293597268,151.0,65
131,HSPL,7,None,DESeq2,gseapy,KEGG,logFC,0.05,0.7962020004628476,0.7962020004628476,0.8957167663515339,0.8957167663515339,0.823943661971831,0.6329113924050633,64.0,65
132,HSPL,9,None,DESeq2,gseapy,GO_Biological_Process,logFC,0.05,0.7966588500691479,0.7966588500691479,0.8081529329608939,0.8081529329608939,0.8419354838709678,0.5704676778620441,166.0,66
133,HSPL,9,None,DESeq2,gseapy,KEGG,logFC,0.05,0.8269829715928467,0.8269829715928467,0.8896499238964992,0.8896499238964992,0.8873239436619719,0.697308063737325,72.0,66
134,HSPL,10,None,DESeq2,gseapy,GO_Biological_Process,logFC,0.05,0.8034120054160245,0.8034120054160245,0.8642384105960265,0.8642384105960265,0.8193548387096774,0.5935828877005348,146.5,67
135,HSPL,10,None,DESeq2,gseapy,KEGG,logFC,0.05,0.8387059842674762,0.8387059842674762,0.919994879672299,0.919994879672299,0.852112676056338,0.6933333333333334,65.5,67
136,HSPL,12,None,DESeq2,gseapy,GO_Biological_Process,logFC,0.05,0.8088669438314695,0.8088669438314695,0.8795143361480846,0.8795143361480846,0.8161290322580645,0.6183503112620261,145.5,68
137,HSPL,12,None,DESeq2,gseapy,KEGG,logFC,0.05,0.8410441382986449,0.8410441382986449,0.9279220779220779,0.9279220779220779,0.8591549295774648,0.7075046904315196,66.0,68
138,HSPL,15,None,DESeq2,gseapy,GO_Biological_Process,logFC,0.05,0.836441888147169,0.836441888147169,0.8593937125748503,0.8593937125748503,0.8774193548387097,0.6470588235294118,157.0,69
139,HSPL,15,None,DESeq2,gseapy,KEGG,logFC,0.05,0.8602814382119688,0.8602814382119688,0.9280538302277432,0.9280538302277432,0.9014084507042254,0.7532467532467533,69.0,69
140,KIRC,3,None,DESeq2,gseapy,GO_Biological_Process,logFC,0.05,0.7110996176699381,0.7110996176699381,0.8035714285714286,0.8035714285714286,0.6868512110726643,0.4304697338841613,245.5,70
141,KIRC,3,None,DESeq2,gseapy,KEGG,logFC,0.05,0.7500822082800203,0.7500822082800203,0.8698475437605873,0.8698475437605873,0.8024691358024691,0.5643564356435643,74.0,70
142,KIRC,5,None,DESeq2,gseapy,GO_Biological_Process,logFC,0.05,0.7643095520338528,0.7643095520338528,0.823931963876281,0.823931963876281,0.7820069204152249,0.5357816711590296,261.0,71
143,KIRC,5,None,DESeq2,gseapy,KEGG,logFC,0.05,0.8188947737853867,0.8188947737853867,0.8915505226480837,0.8915505226480837,0.8580246913580247,0.6626506024096386,77.0,71
144,KIRC,7,None,DESeq2,gseapy,GO_Biological_Process,logFC,0.05,0.7998628481115846,0.7998628481115846,0.8605499892264599,0.8605499892264599,0.78719723183391,0.5974192474192475,259.0,72
145,KIRC,7,None,DESeq2,gseapy,KEGG,logFC,0.05,0.846320062324372,0.846320062324372,0.9044357469015003,0.9044357469015003,0.9074074074074074,0.7142857142857143,81.0,72
146,KIRC,9,None,DESeq2,gseapy,GO_Biological_Process,logFC,0.05,0.8135964559486895,0.8135964559486895,0.8697195430788297,0.8697195430788297,0.8269896193771626,0.6240786240786241,275.5,73
147,KIRC,9,None,DESeq2,gseapy,KEGG,logFC,0.05,0.8600474934566742,0.8600474934566742,0.9213085764809903,0.9213085764809903,0.9012345679012346,0.7330033003300329,79.0,73
148,KIRC,10,None,DESeq2,gseapy,GO_Biological_Process,logFC,0.05,0.8176558548243303,0.8176558548243303,0.8690877192982456,0.8690877192982456,0.8252595155709342,0.6357798635687542,273.5,74
149,KIRC,10,None,DESeq2,gseapy,KEGG,logFC,0.05,0.857100637697698,0.857100637697698,0.9230769230769231,0.9230769230769231,0.9135802469135802,0.7441860465116279,80.0,74
150,KIRC,12,None,DESeq2,gseapy,GO_Biological_Process,logFC,0.05,0.8305429991628294,0.8305429991628294,0.8904071815925734,0.8904071815925734,0.8269896193771626,0.6588036565977742,262.0,75
151,KIRC,12,None,DESeq2,gseapy,KEGG,logFC,0.05,0.8795171030581725,0.8795171030581725,0.9347455822865659,0.9347455822865659,0.9135802469135802,0.7722772277227723,78.0,75
152,KIRC,15,None,DESeq2,gseapy,GO_Biological_Process,logFC,0.05,0.8434024471094592,0.8434024471094592,0.89578111946533,0.89578111946533,0.856401384083045,0.6849094833281946,272.5,76
153,KIRC,15,None,DESeq2,gseapy,KEGG,logFC,0.05,0.8899670792242842,0.8899670792242842,0.936608398633715,0.936608398633715,0.9259259259259259,0.7922077922077922,80.5,76
154,LIHC,3,None,DESeq2,gseapy,GO_Biological_Process,logFC,0.05,0.5655509650067627,0.5655509650067627,0.7234238380119651,0.7234238380119651,0.5239852398523985,0.331922471186198,200.5,77
155,LIHC,3,None,DESeq2,gseapy,KEGG,logFC,0.05,0.5907005690144839,0.5907005690144839,0.7884868421052631,0.7884868421052631,0.6103896103896104,0.40789473684210525,64.0,77
156,LIHC,5,None,DESeq2,gseapy,GO_Biological_Process,logFC,0.05,0.6508365155181718,0.6508365155181718,0.7650785987991431,0.7650785987991431,0.6328413284132841,0.4189662883320642,227.0,78
157,LIHC,5,None,DESeq2,gseapy,KEGG,logFC,0.05,0.6883629060123901,0.6883629060123901,0.8456121343445286,0.8456121343445286,0.7012987012987013,0.5128205128205128,65.0,78
158,LIHC,7,None,DESeq2,gseapy,GO_Biological_Process,logFC,0.05,0.6856655438867241,0.6856655438867241,0.7849267177625386,0.7849267177625386,0.6660516605166051,0.46763647905205247,232.5,79
159,LIHC,7,None,DESeq2,gseapy,KEGG,logFC,0.05,0.7140991162961743,0.7140991162961743,0.8688524590163934,0.8688524590163934,0.7207792207792207,0.5625,66.0,79
160,LIHC,9,None,DESeq2,gseapy,GO_Biological_Process,logFC,0.05,0.7199796454535853,0.7199796454535853,0.7987496043051598,0.7987496043051598,0.7306273062730627,0.510613266583229,250.5,80
161,LIHC,9,None,DESeq2,gseapy,KEGG,logFC,0.05,0.7467038084132354,0.7467038084132354,0.8849306431273645,0.8849306431273645,0.7532467532467533,0.5930232558139535,68.0,80
162,LIHC,10,None,DESeq2,gseapy,GO_Biological_Process,logFC,0.05,0.7240580410330812,0.7240580410330812,0.8054899645808737,0.8054899645808737,0.7380073800738007,0.516019937950543,252.5,81
163,LIHC,10,None,DESeq2,gseapy,KEGG,logFC,0.05,0.7468967570272125,0.7468967570272125,0.8809764735643815,0.8809764735643815,0.7662337662337663,0.6,69.5,81
164,LIHC,12,None,DESeq2,gseapy,GO_Biological_Process,logFC,0.05,0.7441074380448074,0.7441074380448074,0.8142899985005247,0.8142899985005247,0.7601476014760147,0.544,254.5,82
165,LIHC,12,None,DESeq2,gseapy,KEGG,logFC,0.05,0.7668785425695999,0.7668785425695999,0.8914663461538461,0.8914663461538461,0.7857142857142858,0.6222222222222222,70.0,82
166,LIHC,15,None,DESeq2,gseapy,GO_Biological_Process,logFC,0.05,0.7799566497141008,0.7799566497141008,0.8300495262704566,0.8300495262704566,0.8118081180811808,0.5860510457284651,267.0,83
167,LIHC,15,None,DESeq2,gseapy,KEGG,logFC,0.05,0.8032470748012845,0.8032470748012845,0.9030017921146953,0.9030017921146953,0.8311688311688312,0.6666666666666666,71.5,83
168,LUAD,3,None,DESeq2,gseapy,GO_Biological_Process,logFC,0.05,0.5492588747790157,0.5492588747790157,0.7456608020851845,0.7456608020851845,0.5377094972067039,0.3114554664752104,260.0,84
169,LUAD,3,None,DESeq2,gseapy,KEGG,logFC,0.05,0.6158192741538779,0.6158192741538779,0.8558441558441559,0.8558441558441559,0.6571428571428571,0.4,80.0,84
170,LUAD,5,None,DESeq2,gseapy,GO_Biological_Process,logFC,0.05,0.6272894813729567,0.6272894813729567,0.7547764529588818,0.7547764529588818,0.6689944134078212,0.3985460021664656,318.0,85
171,LUAD,5,None,DESeq2,gseapy,KEGG,logFC,0.05,0.6943426946212267,0.6943426946212267,0.875,0.875,0.7523809523809524,0.53125,92.0,85
172,LUAD,7,None,DESeq2,gseapy,GO_Biological_Process,logFC,0.05,0.675815506449813,0.675815506449813,0.7803143044228824,0.7803143044228824,0.6857541899441341,0.44570190394998577,331.0,86
173,LUAD,7,None,DESeq2,gseapy,KEGG,logFC,0.05,0.7360451957745289,0.7360451957745289,0.8882751247327156,0.8882751247327156,0.7904761904761904,0.5851851851851851,94.5,86
174,LUAD,9,None,DESeq2,gseapy,GO_Biological_Process,logFC,0.05,0.7234602558443035,0.7234602558443035,0.8019242445471954,0.8019242445471954,0.7402234636871509,0.4959306557268577,335.5,87
175,LUAD,9,None,DESeq2,gseapy,KEGG,logFC,0.05,0.7773746451489979,0.7773746451489979,0.9041541541541542,0.9041541541541542,0.819047619047619,0.631578947368421,98.0,87
176,LUAD,10,None,DESeq2,gseapy,GO_Biological_Process,logFC,0.05,0.7282261198512818,0.7282261198512818,0.8194596341220919,0.8194596341220919,0.7597765363128491,0.524284259926005,333.0,88
177,LUAD,10,None,DESeq2,gseapy,KEGG,logFC,0.05,0.7861209434563838,0.7861209434563838,0.9019513601845621,0.9019513601845621,0.8428571428571429,0.6487518052403549,97.5,88
178,LUAD,12,None,DESeq2,gseapy,GO_Biological_Process,logFC,0.05,0.7613996829409645,0.7613996829409645,0.8223180305418876,0.8223180305418876,0.7960893854748603,0.5610407425222239,342.0,89
179,LUAD,12,None,DESeq2,gseapy,KEGG,logFC,0.05,0.8077513834297367,0.8077513834297367,0.9090909090909091,0.9090909090909091,0.8571428571428571,0.6885245901639344,99.0,89
180,LUAD,15,None,DESeq2,gseapy,GO_Biological_Process,logFC,0.05,0.7708315658941345,0.7708315658941345,0.8361711115263077,0.8361711115263077,0.7960893854748603,0.5803108808290155,344.0,90
181,LUAD,15,None,DESeq2,gseapy,KEGG,logFC,0.05,0.8270903304053964,0.8270903304053964,0.9344086021505376,0.9344086021505376,0.8761904761904762,0.7217391304347827,99.5,90
182,LUMAB,3,None,DESeq2,gseapy,GO_Biological_Process,logFC,0.05,0.14620457538568335,0.14620457538568335,0.5441547518923465,0.5441547518923465,0.07142857142857142,0.05508199089792675,60.0,91
183,LUMAB,3,None,DESeq2,gseapy,KEGG,logFC,0.05,0.10154937433100379,0.09944273220216476,0.43705985915492956,0.4183098591549296,0.09210526315789473,0.07692307692307693,21.0,91
184,LUMAB,5,None,DESeq2,gseapy,GO_Biological_Process,logFC,0.05,0.2440682289554671,0.2440682289554671,0.5283227848101266,0.5283227848101266,0.13988095238095238,0.11878836339690976,91.0,92
185,LUMAB,5,None,DESeq2,gseapy,KEGG,logFC,0.05,0.17600967649195967,0.17540988112807257,0.5,0.5,0.17763157894736842,0.10714285714285714,31.5,92
186,LUMAB,7,None,DESeq2,gseapy,GO_Biological_Process,logFC,0.05,0.3356374225029428,0.3356374225029428,0.6380915907441748,0.6380915907441748,0.21428571428571427,0.1808314359739342,110.0,93
187,LUMAB,7,None,DESeq2,gseapy,KEGG,logFC,0.05,0.21002356473859268,0.21002356473859268,0.525062656641604,0.525062656641604,0.21052631578947367,0.15384615384615385,33.0,93
188,LUMAB,9,None,DESeq2,gseapy,GO_Biological_Process,logFC,0.05,0.3682575499971401,0.3682575499971401,0.6712422360248447,0.6712422360248447,0.24404761904761904,0.21621621621621623,110.5,94
189,LUMAB,9,None,DESeq2,gseapy,KEGG,logFC,0.05,0.3029980758149872,0.3029980758149872,0.6026315789473684,0.6026315789473684,0.26973684210526316,0.17391304347826086,36.0,94
190,LUMAB,10,None,DESeq2,gseapy,GO_Biological_Process,logFC,0.05,0.37597807490877966,0.37597807490877966,0.7127421645963672,0.7127421645963672,0.2544642857142857,0.23636363636363636,118.0,95
191,LUMAB,10,None,DESeq2,gseapy,KEGG,logFC,0.05,0.2853118993828364,0.2853118993828364,0.6177348551360843,0.6177348551360843,0.26973684210526316,0.17543859649122806,35.5,95
192,LUMAB,12,None,DESeq2,gseapy,GO_Biological_Process,logFC,0.05,0.4205463639735402,0.4205463639735402,0.7594642857142857,0.7594642857142857,0.2708333333333333,0.2788653079987741,120.0,96
193,LUMAB,12,None,DESeq2,gseapy,KEGG,logFC,0.05,0.3415442670935134,0.3415442670935134,0.6830143540669856,0.6830143540669856,0.3026315789473684,0.20930232558139536,33.0,96
194,LUMAB,15,None,DESeq2,gseapy,GO_Biological_Process,logFC,0.05,0.4357130200933965,0.4357130200933965,0.7273411425953799,0.7273411425953799,0.3169642857142857,0.27695074709463197,149.5,97
195,LUMAB,15,None,DESeq2,gseapy,KEGG,logFC,0.05,0.3394963715905792,0.3394963715905792,0.6386946386946387,0.6386946386946387,0.3355263157894737,0.22448979591836735,42.0,97
196,LUSC,3,None,DESeq2,gseapy,GO_Biological_Process,logFC,0.05,0.6570435130278401,0.6570435130278401,0.7725128205128206,0.7725128205128206,0.6848341232227488,0.4514044593921276,387.0,98
197,LUSC,3,None,DESeq2,gseapy,KEGG,logFC,0.05,0.7342573022690946,0.7342573022690946,0.8333333333333334,0.8333333333333334,0.8080808080808081,0.5968992248062015,96.0,98
198,LUSC,5,None,DESeq2,gseapy,GO_Biological_Process,logFC,0.05,0.7071006923099701,0.7071006923099701,0.8052609646838211,0.8052609646838211,0.7345971563981043,0.5167955223880597,379.0,99
199,LUSC,5,None,DESeq2,gseapy,KEGG,logFC,0.05,0.7963071129497179,0.7963071129497179,0.8779646993932708,0.8779646993932708,0.8585858585858586,0.6666666666666666,96.0,99
200,LUSC,7,None,DESeq2,gseapy,GO_Biological_Process,logFC,0.05,0.7431638872094731,0.7431638872094731,0.8266911764705882,0.8266911764705882,0.7819905213270142,0.5614578559752899,404.0,100
201,LUSC,7,None,DESeq2,gseapy,KEGG,logFC,0.05,0.8249563653349802,0.8249563653349802,0.8995290423861853,0.8995290423861853,0.8888888888888888,0.7113748010793607,97.5,100
202,LUSC,9,None,DESeq2,gseapy,GO_Biological_Process,logFC,0.05,0.7651144248215964,0.7651144248215964,0.8337389930983752,0.8337389930983752,0.8068720379146919,0.5905171003839074,407.0,101
203,LUSC,9,None,DESeq2,gseapy,KEGG,logFC,0.05,0.8496043411542963,0.8496043411542963,0.9004950495049505,0.9004950495049505,0.9090909090909091,0.7456140350877193,99.5,101
204,LUSC,10,None,DESeq2,gseapy,GO_Biological_Process,logFC,0.05,0.773513890456299,0.773513890456299,0.8331487151620286,0.8331487151620286,0.8068720379146919,0.6075943843672927,411.0,102
205,LUSC,10,None,DESeq2,gseapy,KEGG,logFC,0.05,0.8559276523466074,0.8559276523466074,0.910427807486631,0.910427807486631,0.9141414141414141,0.7619047619047619,100.0,102
206,LUSC,12,None,DESeq2,gseapy,GO_Biological_Process,logFC,0.05,0.790160509224829,0.790160509224829,0.8435238437574886,0.8435238437574886,0.8199052132701422,0.6305090311986864,411.0,103
207,LUSC,12,None,DESeq2,gseapy,KEGG,logFC,0.05,0.8661006715292037,0.8661006715292037,0.9170962199312714,0.9170962199312714,0.9191919191919192,0.7807017543859649,100.0,103
208,LUSC,15,None,DESeq2,gseapy,GO_Biological_Process,logFC,0.05,0.8047829295171434,0.8047829295171434,0.8649201300290118,0.8649201300290118,0.8566350710900474,0.6564272617120064,417.0,104
209,LUSC,15,None,DESeq2,gseapy,KEGG,logFC,0.05,0.8786737387837136,0.8786737387837136,0.9157801418439716,0.9157801418439716,0.9292929292929293,0.8068701164676397,100.0,104
210,LWPL,3,None,DESeq2,gseapy,GO_Biological_Process,logFC,0.05,0.42587488771578347,0.40586315040404414,0.7857142857142857,0.7752525252525253,0.22641509433962265,0.09059343434343434,42.0,105
211,LWPL,3,None,DESeq2,gseapy,KEGG,logFC,0.05,0.44720895653439463,0.4445977486059388,0.8666666666666667,0.8666666666666667,0.29411764705882354,0.22413793103448276,23.0,105
212,LWPL,5,None,DESeq2,gseapy,GO_Biological_Process,logFC,0.05,0.4889731564133367,0.48068247499568334,0.8214285714285714,0.8189269746646797,0.29245283018867924,0.17857142857142858,55.5,106
213,LWPL,5,None,DESeq2,gseapy,KEGG,logFC,0.05,0.5238552295562953,0.5238552295562953,0.8888888888888888,0.8888888888888888,0.39705882352941174,0.34782608695652173,30.0,106
214,LWPL,7,None,DESeq2,gseapy,GO_Biological_Process,logFC,0.05,0.5492607182312854,0.5492607182312854,0.8305562676236862,0.8305562676236862,0.3836477987421384,0.22285882661079098,71.5,107
215,LWPL,7,None,DESeq2,gseapy,KEGG,logFC,0.05,0.6001289254112664,0.6001289254112664,0.9154761904761904,0.9154761904761904,0.47058823529411764,0.4,34.0,107
216,LWPL,9,None,DESeq2,gseapy,GO_Biological_Process,logFC,0.05,0.6028763916493667,0.6028763916493667,0.8260560037968676,0.8260560037968676,0.4779874213836478,0.34510158294902155,89.0,108
217,LWPL,9,None,DESeq2,gseapy,KEGG,logFC,0.05,0.6270028244831507,0.6270028244831507,0.9145896656534954,0.9145896656534954,0.5367647058823529,0.47692307692307695,40.0,108
218,LWPL,10,None,DESeq2,gseapy,GO_Biological_Process,logFC,0.05,0.6311418622123012,0.6311418622123012,0.8208828522920204,0.8208828522920204,0.5251572327044025,0.37782898105478746,100.5,109
219,LWPL,10,None,DESeq2,gseapy,KEGG,logFC,0.05,0.6639705700515753,0.6639705700515753,0.914004914004914,0.914004914004914,0.5735294117647058,0.4883720930232558,42.0,109
220,LWPL,12,None,DESeq2,gseapy,GO_Biological_Process,logFC,0.05,0.6592988777599926,0.6592988777599926,0.811457478807766,0.811457478807766,0.5691823899371069,0.4267091295116773,111.0,110
221,LWPL,12,None,DESeq2,gseapy,KEGG,logFC,0.05,0.6975313647839154,0.6975313647839154,0.9148550724637681,0.9148550724637681,0.6617647058823529,0.5365853658536586,49.5,110
222,LWPL,15,None,DESeq2,gseapy,GO_Biological_Process,logFC,0.05,0.6890286481826743,0.6890286481826743,0.8354207289635518,0.8354207289635518,0.6037735849056604,0.456,110.5,111
223,LWPL,15,None,DESeq2,gseapy,KEGG,logFC,0.05,0.7439206932773466,0.7439206932773466,0.9254629629629629,0.9254629629629629,0.6764705882352942,0.5625,50.0,111
224,PRAD,3,None,DESeq2,gseapy,GO_Biological_Process,logFC,0.05,0.310938025409832,0.30920565805430317,0.3,0.29705882352941176,0.38095238095238093,0.09501878670703681,72.5,112
225,PRAD,3,None,DESeq2,gseapy,KEGG,logFC,0.05,0.3541211455339623,0.3539975370859262,0.3076923076923077,0.30463980463980467,0.5217391304347826,0.14473684210526316,33.5,112
226,PRAD,5,None,DESeq2,gseapy,GO_Biological_Process,logFC,0.05,0.41704282926149394,0.41704282926149394,0.40212765957446805,0.40212765957446805,0.5079365079365079,0.15463917525773196,76.0,113
227,PRAD,5,None,DESeq2,gseapy,KEGG,logFC,0.05,0.4546018956194721,0.4546018956194721,0.39052287581699346,0.39052287581699346,0.6521739130434783,0.21428571428571427,34.5,113
228,PRAD,7,None,DESeq2,gseapy,GO_Biological_Process,logFC,0.05,0.46775840704963434,0.46775840704963434,0.41657397107897665,0.41657397107897665,0.5793650793650793,0.19672131147540983,86.5,114
229,PRAD,7,None,DESeq2,gseapy,KEGG,logFC,0.05,0.4821907511834044,0.4821907511834044,0.4192876965772433,0.4192876965772433,0.7391304347826086,0.2608695652173913,36.0,114
230,PRAD,9,None,DESeq2,gseapy,GO_Biological_Process,logFC,0.05,0.49977508463055914,0.49977508463055914,0.5093883357041251,0.5093883357041251,0.6349206349206349,0.23114392718308524,81.0,115
231,PRAD,9,None,DESeq2,gseapy,KEGG,logFC,0.05,0.5369877454296506,0.5369877454296506,0.4650406504065041,0.4650406504065041,0.782608695652174,0.3,36.0,115
232,PRAD,10,None,DESeq2,gseapy,GO_Biological_Process,logFC,0.05,0.5354342853967231,0.5354342853967231,0.5354166666666667,0.5354166666666667,0.6666666666666666,0.25856204550785833,80.0,116
233,PRAD,10,None,DESeq2,gseapy,KEGG,logFC,0.05,0.5699051030128417,0.5699051030128417,0.4818796068796069,0.4818796068796069,0.8260869565217391,0.32727272727272727,39.0,116
234,PRAD,12,None,DESeq2,gseapy,GO_Biological_Process,logFC,0.05,0.5731094331146732,0.5731094331146732,0.554093567251462,0.554093567251462,0.6587301587301587,0.29429808733309276,75.5,117
235,PRAD,12,None,DESeq2,gseapy,KEGG,logFC,0.05,0.5798923005548762,0.5798923005548762,0.5058139534883721,0.5058139534883721,0.8260869565217391,0.358835005574136,39.0,117
236,PRAD,15,None,DESeq2,gseapy,GO_Biological_Process,logFC,0.05,0.6104756410483985,0.6104756410483985,0.5752688172043011,0.5752688172043011,0.7301587301587301,0.34017111999438954,79.5,118
237,PRAD,15,None,DESeq2,gseapy,KEGG,logFC,0.05,0.6250130921576813,0.6250130921576813,0.5345864661654135,0.5345864661654135,0.8695652173913043,0.3888888888888889,37.5,118
238,SNF2,3,None,DESeq2,gseapy,GO_Biological_Process,logFC,0.05,0.7061378892793746,0.7061378892793746,0.7106060606060607,0.7106060606060607,0.78,0.47058823529411764,51.0,119
239,SNF2,3,None,DESeq2,gseapy,KEGG,logFC,0.05,0.7336030808536995,0.7336030808536995,0.7638888888888888,0.7638888888888888,0.7142857142857143,0.4444444444444444,7.0,119
240,SNF2,5,None,DESeq2,gseapy,GO_Biological_Process,logFC,0.05,0.7413551164374503,0.7413551164374503,0.75,0.75,0.8,0.5416666666666666,54.0,120
241,SNF2,5,None,DESeq2,gseapy,KEGG,logFC,0.05,0.8309489698388165,0.8309489698388165,0.8571428571428571,0.8571428571428571,0.8571428571428571,0.5714285714285714,6.0,120
242,SNF2,7,None,DESeq2,gseapy,GO_Biological_Process,logFC,0.05,0.7830375204436217,0.7830375204436217,0.7565033272837265,0.7565033272837265,0.84,0.5932203389830508,54.5,121
243,SNF2,7,None,DESeq2,gseapy,KEGG,logFC,0.05,0.8399014778325123,0.8399014778325123,1.0,1.0,0.8571428571428571,0.6666666666666666,6.0,121
244,SNF2,9,None,DESeq2,gseapy,GO_Biological_Process,logFC,0.05,0.7790206969631981,0.7790206969631981,0.7628125,0.7628125,0.84,0.6129032258064516,56.0,122
245,SNF2,9,None,DESeq2,gseapy,KEGG,logFC,0.05,0.8532398613293772,0.8532398613293772,1.0,1.0,0.8571428571428571,0.7142857142857143,6.0,122
246,SNF2,10,None,DESeq2,gseapy,GO_Biological_Process,logFC,0.05,0.7959776965061524,0.7959776965061524,0.7946998722860792,0.7946998722860792,0.85,0.6153846153846154,52.0,123
247,SNF2,10,None,DESeq2,gseapy,KEGG,logFC,0.05,0.8399014778325123,0.8399014778325123,1.0,1.0,0.8571428571428571,0.6666666666666666,6.5,123
248,SNF2,12,None,DESeq2,gseapy,GO_Biological_Process,logFC,0.05,0.8052350517187807,0.8052350517187807,0.7810457516339869,0.7810457516339869,0.9,0.6595744680851063,54.0,124
249,SNF2,12,None,DESeq2,gseapy,KEGG,logFC,0.05,0.9179406364828487,0.9179406364828487,1.0,1.0,0.8571428571428571,0.75,6.0,124
250,SNF2,15,None,DESeq2,gseapy,GO_Biological_Process,logFC,0.05,0.8223973006995458,0.8223973006995458,0.8037464985994398,0.8037464985994398,0.88,0.6666666666666666,55.0,125
251,SNF2,15,None,DESeq2,gseapy,KEGG,logFC,0.05,0.9179406364828487,0.9179406364828487,1.0,1.0,0.8571428571428571,0.8333333333333334,6.0,125
252,THCA,3,None,DESeq2,gseapy,GO_Biological_Process,logFC,0.05,0.35722566353351376,0.35118036111501355,0.35053304904051175,0.34123989218328843,0.4069767441860465,0.09836065573770492,51.0,126
253,THCA,3,None,DESeq2,gseapy,KEGG,logFC,0.05,0.4811122596635118,0.4811122596635118,0.5393939393939393,0.5393939393939393,0.4264705882352941,0.14814814814814814,30.5,126
254,THCA,5,None,DESeq2,gseapy,GO_Biological_Process,logFC,0.05,0.4298891213644791,0.4297942791312274,0.4716981132075472,0.4711431742508324,0.46511627906976744,0.11740010561520858,39.0,127
255,THCA,5,None,DESeq2,gseapy,KEGG,logFC,0.05,0.5673557925448809,0.5628534686209385,0.6346153846153846,0.616421568627451,0.5441176470588236,0.1586333720480062,25.5,127
256,THCA,7,None,DESeq2,gseapy,GO_Biological_Process,logFC,0.05,0.4893884371076114,0.4876649106162967,0.6153846153846154,0.6103238866396761,0.5348837209302325,0.14634146341463414,32.5,128
257,THCA,7,None,DESeq2,gseapy,KEGG,logFC,0.05,0.630755557302985,0.6243143171722236,0.7142857142857143,0.7022727272727273,0.5882352941176471,0.17777777777777778,24.0,128
258,THCA,9,None,DESeq2,gseapy,GO_Biological_Process,logFC,0.05,0.5251552877374905,0.5166689946541838,0.6578947368421053,0.6447368421052632,0.5232558139534884,0.1774947241483268,31.5,129
259,THCA,9,None,DESeq2,gseapy,KEGG,logFC,0.05,0.6654988537979116,0.6630374645433246,0.75,0.737468671679198,0.6470588235294118,0.23076923076923078,24.5,129
260,THCA,10,None,DESeq2,gseapy,GO_Biological_Process,logFC,0.05,0.5344002474250996,0.5344002474250996,0.6666666666666666,0.6540880503144654,0.5,0.19047619047619047,34.5,130
261,THCA,10,None,DESeq2,gseapy,KEGG,logFC,0.05,0.6663556488439702,0.6646965566936474,0.7674418604651163,0.7660738714090287,0.6764705882352942,0.23529411764705882,25.5,130
262,THCA,12,None,DESeq2,gseapy,GO_Biological_Process,logFC,0.05,0.5862792412934033,0.5841430429884173,0.6829268292682927,0.6801730920535012,0.5348837209302325,0.2331715210355987,29.5,131
263,THCA,12,None,DESeq2,gseapy,KEGG,logFC,0.05,0.6998416155779805,0.6998416155779805,0.8,0.8,0.6470588235294118,0.25925925925925924,26.0,131
264,THCA,15,None,DESeq2,gseapy,GO_Biological_Process,logFC,0.05,0.6191174259174461,0.6191174259174461,0.6996779388083736,0.6996779388083736,0.5697674418604651,0.2727272727272727,34.5,132
265,THCA,15,None,DESeq2,gseapy,KEGG,logFC,0.05,0.7497180862664965,0.7497180862664965,0.8333333333333334,0.8333333333333334,0.7794117647058822,0.34545454545454546,29.5,132
